,annee,G(i),WS10m,latitude,longitude
0,2013,187.6529394977169,3.4822454337899544,40.0,-2
1,2014,194.9815890410959,3.2294109589041096,40.0,-2
2,2015,198.76944063926942,3.099966894977169,40.0,-2
3,2016,196.04105418943533,3.620676229508197,40.0,-2
4,2013,172.8960673515982,3.9139577625570774,40.5,-2
5,2014,180.49061643835617,3.5355068493150688,40.5,-2
6,2015,189.29440639269407,3.3571792237442923,40.5,-2
7,2016,188.82658469945355,3.4763080601092895,40.5,-2
8,2013,179.34715525114157,3.6165810502283104,41.0,-2
9,2014,186.76017694063927,3.455603881278539,41.0,-2
10,2015,191.10630365296802,3.0902762557077623,41.0,-2
11,2016,188.65133652094718,3.411531193078324,41.0,-2
12,2013,180.52145433789954,2.869267123287671,41.5,-2
13,2014,186.90671232876713,2.6377111872146117,41.5,-2
14,2015,191.98772260273972,2.4563310502283104,41.5,-2
15,2016,185.2145218579235,3.411531193078324,41.5,-2
16,2013,168.9079805936073,3.108003424657534,42.0,-2
17,2014,178.22141780821917,2.6400502283105025,42.0,-2
18,2015,183.00977625570775,2.548158675799087,42.0,-2
19,2016,172.24220400728598,3.2207035519125684,42.0,-2
20,2013,169.78286872146117,3.52237899543379,42.5,-2
21,2014,177.71050342465753,3.3059155251141554,42.5,-2
22,2015,182.38996575342466,3.295197488584475,42.5,-2
23,2016,176.62342896174863,2.94859631147541,42.5,-2
24,2013,114.20503652968037,3.2741609589041096,43.0,-2
25,2014,122.33943036529679,2.848598173515982,43.0,-2
26,2015,126.23220662100455,2.658222602739726,43.0,-2
27,2016,132.5628028233151,2.94859631147541,43.0,-2
28,2013,144.89520662100458,4.210062785388128,47.0,-2
29,2014,157.911997716895,4.146964611872146,47.0,-2
30,2015,152.64415410958904,4.235764840182648,47.0,-2
31,2016,151.06866006375228,4.583747723132969,47.0,-2
32,2013,138.35331506849315,3.8223550228310503,47.5,-2
33,2014,152.50540410958905,3.6973755707762557,47.5,-2
34,2015,146.03393378995435,3.8255399543379,47.5,-2
35,2016,142.22699225865207,4.583747723132969,47.5,-2
36,2013,133.95607534246574,3.9620525114155254,48.0,-2
37,2014,144.51653538812786,3.804240867579909,48.0,-2
38,2015,141.3663892694064,3.9276255707762555,48.0,-2
39,2016,136.82481557377048,4.268304872495446,48.0,-2
40,2013,130.65623744292236,3.8116575342465757,48.5,-2
41,2014,141.55041210045664,3.6648595890410958,48.5,-2
42,2015,139.44167237442923,3.8082385844748856,48.5,-2
43,2016,139.60039503642986,6.41857126593807,48.5,-2
44,2013,116.76824200913242,4.421359589041096,51.0,-2
45,2014,129.65970776255708,4.2641541095890405,51.0,-2
46,2015,122.30412214611873,4.56968607305936,51.0,-2
47,2016,115.68240551001821,4.726412795992713,51.0,-2
48,2013,114.4696689497717,4.703577625570776,51.5,-2
49,2014,125.41776712328766,4.4915159817351595,51.5,-2
50,2015,120.0858105022831,4.770481735159817,51.5,-2
51,2016,116.16184426229508,4.654849726775956,51.5,-2
52,2013,110.31247945205479,4.737600456621005,52.0,-2
53,2014,121.96379452054795,4.5260627853881275,52.0,-2
54,2015,118.29987785388128,4.865036529680365,52.0,-2
55,2016,116.51843693078324,4.654849726775956,52.0,-2
56,2013,106.75807648401826,4.413913242009132,52.5,-2
57,2014,117.07232534246575,4.2743595890410955,52.5,-2
58,2015,115.36387214611872,4.526373287671233,52.5,-2
59,2016,113.2416404826958,4.655724043715847,52.5,-2
60,2013,107.17673173515982,4.488646118721461,53.0,-2
61,2014,115.00741095890412,4.339690639269406,53.0,-2
62,2015,114.3692910958904,4.551928082191781,53.0,-2
63,2016,105.84808173952642,4.724873633879781,53.0,-2
64,2013,94.89521575342465,4.803537671232877,53.5,-2
65,2014,100.77637328767123,4.528706621004567,53.5,-2
66,2015,99.41800799086758,4.777216894977169,53.5,-2
67,2016,98.55086634790527,4.724873633879781,53.5,-2
68,2013,100.67890182648402,4.7871278538812785,54.0,-2
69,2014,104.57124771689497,4.436255707762557,54.0,-2
70,2015,107.55256735159817,4.736111872146118,54.0,-2
71,2016,99.30495332422586,4.8885359744990895,54.0,-2
72,2013,95.75667237442921,4.734444063926941,54.5,-2
73,2014,101.79397488584475,4.346077625570776,54.5,-2
74,2015,106.47412899543379,4.765178082191781,54.5,-2
75,2016,101.11555783242258,4.913037340619308,54.5,-2
76,2013,100.56319178082191,4.383716894977169,55.0,-2
77,2014,103.36041894977168,4.025760273972603,55.0,-2
78,2015,109.20852739726027,4.46343493150685,55.0,-2
79,2016,104.18169740437159,4.913037340619308,55.0,-2
80,2013,98.5697705479452,4.3661815068493155,55.5,-2
81,2014,103.9854109589041,3.972165525114155,55.5,-2
82,2015,110.70811986301369,4.43487100456621,55.5,-2
83,2016,107.70232354280509,5.032190346083789,55.5,-2
84,2013,101.60479223744292,5.20958105022831,57.5,-2
85,2014,99.96905479452056,5.227505707762557,57.5,-2
86,2015,105.6179497716895,5.352212328767123,57.5,-2
87,2016,101.45937044626594,7.537809653916211,57.5,-2
88,2013,102.92504452054794,8.690906392694064,60.5,-2
89,2014,103.42741552511416,9.057034246575341,60.5,-2
90,2015,103.33109817351598,9.37190410958904,60.5,-2
91,2016,107.37645036429872,8.503521174863387,60.5,-2
92,2013,189.38552739726026,3.4563504566210046,40.0,-1
93,2014,194.42298515981736,3.0266038812785387,40.0,-1
94,2015,193.74725684931508,2.7524920091324203,40.0,-1
95,2016,189.21600979052823,3.225946038251366,40.0,-1
96,2013,174.11710502283105,3.3899315068493148,40.5,-1
97,2014,186.17865296803652,3.0510468036529677,40.5,-1
98,2015,187.28760730593606,2.851406392694064,40.5,-1
99,2016,189.82285405282332,3.2089492258652093,40.5,-1
100,2013,179.60291210045662,3.4785022831050227,41.0,-1
101,2014,187.2988801369863,3.0739566210045663,41.0,-1
102,2015,191.4746107305936,2.9065970319634706,41.0,-1
103,2016,184.7808299180328,3.2894956739526413,41.0,-1
104,2013,184.19017808219178,4.53125799086758,41.5,-1
105,2014,191.25650456621005,3.937619863013699,41.5,-1
106,2015,195.22287100456623,3.995253424657534,41.5,-1
107,2016,182.27357581967215,3.2894956739526413,41.5,-1
108,2013,189.97805479452055,4.040380136986302,42.0,-1
109,2014,191.44787214611873,3.6426107305936073,42.0,-1
110,2015,196.44717351598175,3.9412134703196346,42.0,-1
111,2016,185.51869193989072,3.2039344262295084,42.0,-1
112,2013,172.51996232876712,3.346078767123288,42.5,-1
113,2014,177.36894748858447,3.0401358447488587,42.5,-1
114,2015,188.11724429223744,3.0692020547945202,42.5,-1
115,2016,186.88470173041895,2.655391621129326,42.5,-1
116,2013,146.44388926940638,3.0415627853881277,43.0,-1
117,2014,151.47726141552513,2.6603801369863014,43.0,-1
118,2015,161.35398401826484,2.639675799086758,43.0,-1
119,2016,156.3331841985428,2.655391621129326,43.0,-1
120,2013,142.01999771689498,2.445353881278539,43.5,-1
121,2014,150.6935993150685,2.3971940639269405,43.5,-1
122,2015,154.84054337899542,2.2089200913242006,43.5,-1
123,2016,161.87636270491802,2.629236111111111,43.5,-1
124,2013,144.18248173515983,2.46276598173516,44.0,-1
125,2014,153.28876369863013,2.4671997716894976,44.0,-1
126,2015,156.9554783105023,2.3669623287671233,44.0,-1
127,2016,161.05692281420764,2.9478244535519122,44.0,-1
128,2013,149.25337328767125,2.655049086757991,44.5,-1
129,2014,160.38490182648403,2.7054018264840183,44.5,-1
130,2015,160.82191894977169,2.6256232876712327,44.5,-1
131,2016,160.38187955373405,2.9478244535519122,44.5,-1
132,2013,146.84314611872145,2.931074200913242,45.0,-1
133,2014,157.62966552511415,2.9211381278538813,45.0,-1
134,2015,157.56812557077626,2.9132180365296803,45.0,-1
135,2016,159.08060678506376,3.3191029143897994,45.0,-1
136,2013,149.45400799086758,3.728038812785388,46.0,-1
137,2014,162.94355707762557,3.655376712328767,46.0,-1
138,2015,160.3226210045662,3.6502899543378997,46.0,-1
139,2016,147.3740664845173,3.702140255009107,46.0,-1
140,2013,145.41233447488585,3.5759075342465754,46.5,-1
141,2014,157.6606506849315,3.495335616438356,46.5,-1
142,2015,155.68388242009132,3.499349315068493,46.5,-1
143,2016,145.524522996357,3.9057695810564663,46.5,-1
144,2013,137.35156621004566,3.68411301369863,47.0,-1
145,2014,149.82054337899544,3.571321917808219,47.0,-1
146,2015,149.62373401826483,3.6387979452054795,47.0,-1
147,2016,140.67486452641165,3.933993624772313,47.0,-1
148,2013,136.63019520547945,3.9643652968036527,47.5,-1
149,2014,149.68147146118721,3.856513698630137,47.5,-1
150,2015,148.10493949771688,3.979833333333333,47.5,-1
151,2016,138.39356898907104,3.933993624772313,47.5,-1
152,2013,133.4811506849315,3.7945627853881283,48.0,-1
153,2014,144.4531815068493,3.673312785388128,48.0,-1
154,2015,144.16474771689496,3.7693926940639266,48.0,-1
155,2016,132.05649362477232,3.9693806921675776,48.0,-1
156,2013,125.87814269406392,3.4955365296803653,48.5,-1
157,2014,137.16225913242008,3.412546803652968,48.5,-1
158,2015,136.7313812785388,3.5537922374429227,48.5,-1
159,2016,132.8996630236794,4.39397427140255,48.5,-1
160,2013,122.66089726027397,3.6569029680365297,49.0,-1
161,2014,135.05738698630137,3.5679611872146118,49.0,-1
162,2015,132.98566666666667,3.742945205479452,49.0,-1
163,2016,131.30014799635703,4.39397427140255,49.0,-1
164,2013,120.23735616438356,4.674565068493151,51.0,-1
165,2014,132.25142465753424,4.507984018264841,51.0,-1
166,2015,126.27368378995433,4.767617579908676,51.0,-1
167,2016,118.22264116575593,4.616962659380692,51.0,-1
168,2013,113.60651940639269,4.215670091324201,51.5,-1
169,2014,125.73438356164382,4.025150684931507,51.5,-1
170,2015,120.83194748858449,4.362695205479452,51.5,-1
171,2016,116.2764492258652,4.595040983606557,51.5,-1
172,2013,111.57277168949771,4.3036152968036525,52.0,-1
173,2014,124.57644634703196,4.1693561643835615,52.0,-1
174,2015,119.55638470319636,4.472990867579909,52.0,-1
175,2016,116.87292805100182,4.595040983606557,52.0,-1
176,2013,111.20612214611872,4.769066210045661,52.5,-1
177,2014,120.94008675799085,4.61447602739726,52.5,-1
178,2015,120.57941095890409,4.95976598173516,52.5,-1
179,2016,113.7994410291439,4.706586976320583,52.5,-1
180,2013,109.49221803652968,4.762827625570776,53.0,-1
181,2014,116.42891666666667,4.642009132420092,53.0,-1
182,2015,118.08859931506849,4.954550228310502,53.0,-1
183,2016,106.80866575591985,4.865335837887067,53.0,-1
184,2013,107.88033561643836,4.647012557077626,53.5,-1
185,2014,114.27743150684933,4.506393835616438,53.5,-1
186,2015,117.82460730593607,4.741292237442923,53.5,-1
187,2016,106.75829121129325,4.865335837887067,53.5,-1
188,2013,108.42959589041097,4.632308219178082,54.0,-1
189,2014,110.70721803652968,4.425329908675799,54.0,-1
190,2015,113.53562214611873,4.61878196347032,54.0,-1
191,2016,106.6714560564663,5.087652550091075,54.0,-1
192,2013,99.65421575342467,4.90840296803653,54.5,-1
193,2014,104.28447146118721,4.588022831050228,54.5,-1
194,2015,109.00165753424658,4.9259657534246575,54.5,-1
195,2016,106.32265368852458,6.869762067395264,54.5,-1
196,2013,104.5654006849315,8.3391700913242,60.5,-1
197,2014,105.30157191780822,8.95991780821918,60.5,-1
198,2015,104.94596347031964,8.490446347031963,60.5,-1
199,2016,108.12645377959927,8.336306921675774,60.5,-1
200,2013,194.7661198630137,3.859470319634703,40.0,0
201,2014,197.84037899543378,3.879247716894977,40.0,0
202,2015,195.90537671232877,3.589591324200913,40.0,0
203,2016,196.0365892531876,4.439201958105646,40.0,0
204,2013,179.37163812785388,3.494835616438356,40.5,0
205,2014,180.1311198630137,2.914091324200913,40.5,0
206,2015,186.6805810502283,2.9549634703196346,40.5,0
207,2016,196.7445821948998,2.9870412112932603,40.5,0
208,2013,185.1683127853881,3.9233972602739726,41.0,0
209,2014,191.52649885844747,3.3551187214611873,41.0,0
210,2015,193.65115981735158,3.3969600456621003,41.0,0
211,2016,196.89629439890712,2.9444421675774133,41.0,0
212,2013,197.369198630137,3.431292237442922,41.5,0
213,2014,195.66119292237443,2.98447602739726,41.5,0
214,2015,195.9885399543379,2.9794166666666664,41.5,0
215,2016,198.61581967213112,2.9444421675774133,41.5,0
216,2013,199.70935730593607,2.969827625570776,42.0,0
217,2014,198.5646997716895,2.7190285388127853,42.0,0
218,2015,199.77969748858447,2.5879965753424656,42.0,0
219,2016,194.181691712204,2.976039389799636,42.0,0
220,2013,170.95460273972603,1.6964223744292237,42.5,0
221,2014,168.26646347031962,1.5322191780821917,42.5,0
222,2015,175.89611301369862,1.4778664383561644,42.5,0
223,2016,176.81548383424408,2.361130464480874,42.5,0
224,2013,127.90762328767124,1.7833413242009133,43.0,0
225,2014,136.9770901826484,1.601472602739726,43.0,0
226,2015,146.23153652968037,1.4829611872146118,43.0,0
227,2016,148.10815004553734,2.361130464480874,43.0,0
228,2013,149.9096506849315,2.6010125570776252,43.5,0
229,2014,158.47147488584474,2.577341324200913,43.5,0
230,2015,160.27673515981735,2.4319360730593607,43.5,0
231,2016,152.5656397996357,2.5093761384335154,43.5,0
232,2013,146.07877397260273,2.649583333333333,44.0,0
233,2014,156.68242465753426,2.671917808219178,44.0,0
234,2015,160.98694748858446,2.5479155251141554,44.0,0
235,2016,157.43958333333333,2.914038023679417,44.0,0
236,2013,149.35495319634703,2.8250308219178084,44.5,0
237,2014,159.91580821917807,2.818617579908676,44.5,0
238,2015,162.02561872146117,2.7899086757990865,44.5,0
239,2016,155.9159437613843,2.914038023679417,44.5,0
240,2013,146.87062328767124,2.7658390410958904,45.0,0
241,2014,156.35606963470318,2.7749657534246577,45.0,0
242,2015,158.78194520547947,2.72308904109589,45.0,0
243,2016,152.48925432604736,3.214585610200364,45.0,0
244,2013,143.80398744292236,3.0349417808219177,45.5,0
245,2014,156.2064885844749,2.9770376712328765,45.5,0
246,2015,157.10758447488584,2.9598618721461185,45.5,0
247,2016,145.1726548269581,3.476133879781421,45.5,0
248,2013,143.2607876712329,3.3634303652968036,46.0,0
249,2014,155.4095525114155,3.3004931506849315,46.0,0
250,2015,154.79186415525115,3.2760924657534245,46.0,0
251,2016,145.44112704918035,3.476133879781421,46.0,0
252,2013,139.64100228310502,3.513255707762557,46.5,0
253,2014,153.41328424657533,3.4231141552511417,46.5,0
254,2015,153.83313470319635,3.451961187214612,46.5,0
255,2016,142.53667349726774,3.6978608834244078,46.5,0
256,2013,136.80075114155252,3.651780821917808,47.0,0
257,2014,151.12857990867582,3.6034269406392694,47.0,0
258,2015,151.88497716894977,3.6521495433789957,47.0,0
259,2016,141.06908128415301,3.896030282331512,47.0,0
260,2013,133.74801712328767,3.3748961187214612,47.5,0
261,2014,146.9537602739726,3.320431506849315,47.5,0
262,2015,146.7540901826484,3.4050456621004566,47.5,0
263,2016,136.22982809653917,3.896030282331512,47.5,0
264,2013,132.2651187214612,3.5609349315068495,48.0,0
265,2014,144.00469406392693,3.474567351598173,48.0,0
266,2015,144.7193812785388,3.620285388127854,48.0,0
267,2016,127.6876980874317,3.94911543715847,48.0,0
268,2013,128.51193607305936,3.5848059360730593,48.5,0
269,2014,137.5955878995434,3.44623401826484,48.5,0
270,2015,139.60707876712328,3.573691780821918,48.5,0
271,2016,130.69213797814209,4.171213570127505,48.5,0
272,2013,121.68062899543379,3.52087100456621,49.0,0
273,2014,131.38398744292238,3.467060502283105,49.0,0
274,2015,134.52231392694063,3.584038812785388,49.0,0
275,2016,133.37213911657557,4.171213570127505,49.0,0
276,2013,121.9543687214612,4.72594406392694,51.0,0
277,2014,134.3986598173516,4.5224680365296805,51.0,0
278,2015,130.577299086758,4.899922374429224,51.0,0
279,2016,119.76916894353369,4.924854280510018,51.0,0
280,2013,112.52217237442922,4.286335616438357,51.5,0
281,2014,126.38681392694063,4.113786529680365,51.5,0
282,2015,121.44350228310503,4.455641552511415,51.5,0
283,2016,119.61084927140254,4.701903460837887,51.5,0
284,2013,113.6269200913242,4.648182648401827,52.0,0
285,2014,123.82970319634703,4.462654109589041,52.0,0
286,2015,120.3322796803653,4.816929223744292,52.0,0
287,2016,118.4642793715847,4.701903460837887,52.0,0
288,2013,113.48703652968035,4.470514840182648,52.5,0
289,2014,122.03216210045662,4.38711301369863,52.5,0
290,2015,120.72868150684931,4.647054794520548,52.5,0
291,2016,118.74128870673952,4.727790300546449,52.5,0
292,2013,113.34311187214612,4.887372146118721,53.0,0
293,2014,121.83513242009133,4.764980593607306,53.0,0
294,2015,121.30643378995435,5.077401826484018,53.0,0
295,2016,115.57014458105647,5.279499089253188,53.0,0
296,2013,114.15232648401826,5.034430365296804,53.5,0
297,2014,117.73643721461187,4.881341324200913,53.5,0
298,2015,121.29598401826485,5.155004566210045,53.5,0
299,2016,115.30406306921675,5.279499089253188,53.5,0
300,2013,192.41796461187212,3.364005707762557,41.5,1
301,2014,191.97396347031963,2.855689497716895,41.5,1
302,2015,194.10056621004566,2.6647671232876715,41.5,1
303,2016,198.22570013661203,2.7551730418943534,41.5,1
304,2013,190.42845662100456,2.3139611872146117,42.0,1
305,2014,190.76710616438356,2.198050228310502,42.0,1
306,2015,196.2257111872146,2.0774497716894977,42.0,1
307,2016,196.3778756830601,2.5555077413479053,42.0,1
308,2013,149.3953002283105,1.8907442922374427,42.5,1
309,2014,154.6554589041096,1.6186632420091325,42.5,1
310,2015,169.25273401826485,1.554859589041096,42.5,1
311,2016,176.3387283697632,2.284394353369763,42.5,1
312,2013,129.63055022831048,1.7602488584474887,43.0,1
313,2014,139.30893264840182,1.5924828767123287,43.0,1
314,2015,140.08067579908675,1.53313698630137,43.0,1
315,2016,153.42666438979964,2.284394353369763,43.0,1
316,2013,150.99150228310504,3.0630776255707763,43.5,1
317,2014,164.02674429223745,3.042077625570776,43.5,1
318,2015,163.4374794520548,2.9682979452054794,43.5,1
319,2016,158.74687613843352,2.6950671675774136,43.5,1
320,2013,152.0062728310502,3.1358070776255706,44.0,1
321,2014,163.21177968036528,3.0993755707762554,44.0,1
322,2015,167.5073595890411,3.025423515981735,44.0,1
323,2016,158.43700591985427,3.1038763661202187,44.0,1
324,2013,147.7711689497717,3.1316632420091324,44.5,1
325,2014,158.0424109589041,3.0885148401826483,44.5,1
326,2015,163.80635502283104,3.0262922374429224,44.5,1
327,2016,155.6559107468124,3.1038763661202187,44.5,1
328,2013,143.1024988584475,2.6700468036529683,45.0,1
329,2014,154.01404223744294,2.6418424657534247,45.0,1
330,2015,159.2398698630137,2.557728310502283,45.0,1
331,2016,151.51220856102003,3.2552675318761386,45.0,1
332,2013,139.25445433789955,2.8750308219178082,45.5,1
333,2014,150.937600456621,2.811101598173516,45.5,1
334,2015,157.34410159817352,2.778788812785388,45.5,1
335,2016,144.08881489071038,3.5002527322404373,45.5,1
336,2013,135.12327168949773,3.1067100456621004,46.0,1
337,2014,148.19395205479452,3.059159817351598,46.0,1
338,2015,151.61490981735162,3.0390136986301366,46.0,1
339,2016,141.1751115664845,3.5002527322404373,46.0,1
340,2013,135.0135582191781,3.116425799086758,46.5,1
341,2014,150.37767808219178,3.119827625570776,46.5,1
342,2015,152.81867922374428,3.186017123287671,46.5,1
343,2016,141.2473816029144,3.7515027322404366,46.5,1
344,2013,134.7971289954338,3.3016917808219177,47.0,1
345,2014,148.70735388127852,3.238892694063927,47.0,1
346,2015,149.9146381278539,3.3089212328767124,47.0,1
347,2016,140.4222871129326,3.840579462659381,47.0,1
348,2013,130.0544406392694,3.520349315068493,47.5,1
349,2014,145.17966552511413,3.471369863013699,47.5,1
350,2015,147.33927739726028,3.5725068493150687,47.5,1
351,2016,138.37659949908925,3.840579462659381,47.5,1
352,2013,129.56589497716894,3.8490787671232876,48.0,1
353,2014,144.51107534246574,3.7185296803652967,48.0,1
354,2015,146.4987408675799,3.9017043378995435,48.0,1
355,2016,131.53878301457195,4.002750455373406,48.0,1
356,2013,127.26614497716895,4.118718036529681,48.5,1
357,2014,137.59689726027398,3.973695205479452,48.5,1
358,2015,141.708901826484,4.156198630136987,48.5,1
359,2016,130.8437716302368,4.091583561020037,48.5,1
360,2013,124.39046232876711,4.039812785388128,49.0,1
361,2014,134.30927625570777,3.9047899543378994,49.0,1
362,2015,140.23232762557078,4.0731894977168945,49.0,1
363,2016,129.560404143898,4.091583561020037,49.0,1
364,2013,120.52010273972604,3.619142694063927,49.5,1
365,2014,129.52546575342467,3.4611152968036527,49.5,1
366,2015,133.60333675799086,3.6800308219178084,49.5,1
367,2016,133.51749089253187,4.804149590163934,49.5,1
368,2013,118.21349543378994,5.035512557077626,52.0,1
369,2014,128.87311415525113,4.91475,52.0,1
370,2015,124.26178424657535,4.974447488584476,52.0,1
371,2016,120.6586532331512,5.178221766848816,52.0,1
372,2013,114.66804794520547,4.64143493150685,52.5,1
373,2014,122.41240410958903,4.551739726027397,52.5,1
374,2015,120.90049429223745,4.827589041095891,52.5,1
375,2016,116.54247381602914,5.302943989071038,52.5,1
376,2013,187.8968105022831,2.990562785388128,41.5,2
377,2014,189.99636415525114,2.789738584474886,41.5,2
378,2015,197.0740422374429,2.6867340182648403,41.5,2
379,2016,192.7921243169399,3.9662147085610204,41.5,2
380,2013,181.91856392694064,2.1150696347031963,42.0,2
381,2014,181.9509189497717,1.8725102739726025,42.0,2
382,2015,192.1201392694064,1.7594760273972603,42.0,2
383,2016,187.79159039162113,2.2292702641165754,42.0,2
384,2013,162.37511872146118,2.1185342465753427,42.5,2
385,2014,169.5217899543379,1.824420091324201,42.5,2
386,2015,178.52075114155252,1.7083367579908677,42.5,2
387,2016,182.70258538251366,2.7754872495446268,42.5,2
388,2013,147.57957648401828,3.346930365296804,43.0,2
389,2014,159.1515205479452,2.972714611872146,43.0,2
390,2015,162.79358333333334,2.9269714611872146,43.0,2
391,2016,160.76172586520948,2.7754872495446268,43.0,2
392,2013,141.50366894977168,3.9639748858447486,43.5,2
393,2014,157.8658778538813,3.783575342465754,43.5,2
394,2015,160.79896347031962,3.8517808219178082,43.5,2
395,2016,159.30899817850639,3.4202015027322403,43.5,2
396,2013,150.52249315068494,2.8573584474885845,44.0,2
397,2014,162.7280296803653,2.7561700913242007,44.0,2
398,2015,167.45208561643835,2.680058219178082,44.0,2
399,2016,156.27804872495446,3.451818078324226,44.0,2
400,2013,145.6844086757991,2.9753961187214615,44.5,2
401,2014,157.36649429223743,2.8699714611872147,44.5,2
402,2015,167.1767123287671,2.85526598173516,44.5,2
403,2016,152.91625113843352,3.451818078324226,44.5,2
404,2013,137.5377203196347,3.025320776255708,45.0,2
405,2014,150.85047716894977,2.898602739726027,45.0,2
406,2015,163.4515901826484,2.874554794520548,45.0,2
407,2016,151.5297199453552,3.420706967213115,45.0,2
408,2013,135.1545605022831,3.015884703196347,45.5,2
409,2014,146.2121689497717,2.850819634703196,45.5,2
410,2015,158.09077283105023,2.738261415525114,45.5,2
411,2016,142.07735200364297,3.5311873861566485,45.5,2
412,2013,127.70772831050228,3.4773470319634705,46.0,2
413,2014,145.09149429223743,3.405239726027397,46.0,2
414,2015,149.25833219178082,3.3975422374429227,46.0,2
415,2016,141.2369990892532,3.5311873861566485,46.0,2
416,2013,130.29322374429222,3.1938447488584476,46.5,2
417,2014,148.82957305936074,3.1480776255707763,46.5,2
418,2015,150.78601826484018,3.169872146118722,46.5,2
419,2016,141.14541552823317,3.67959927140255,46.5,2
420,2013,135.01958675799088,3.3877191780821914,47.0,2
421,2014,148.3453299086758,3.3382511415525116,47.0,2
422,2015,153.7491484018265,3.361063926940639,47.0,2
423,2016,138.19787340619305,3.7689241803278692,47.0,2
424,2013,124.44986986301372,3.11713698630137,47.5,2
425,2014,141.97545319634702,3.08428196347032,47.5,2
426,2015,143.91373287671234,3.1993732876712326,47.5,2
427,2016,138.1499635701275,3.7689241803278692,47.5,2
428,2013,127.7458299086758,3.4691883561643837,48.0,2
429,2014,142.3537203196347,3.381823059360731,48.0,2
430,2015,144.24769292237443,3.520111872146119,48.0,2
431,2016,128.91809084699455,3.900906193078324,48.0,2
432,2013,129.35836757990867,3.9509657534246574,48.5,2
433,2014,140.04916666666665,3.8147260273972603,48.5,2
434,2015,145.52011529680365,4.013041095890411,48.5,2
435,2016,129.8569250910747,3.9535598816029145,48.5,2
436,2013,125.69046803652968,3.5363196347031964,49.0,2
437,2014,135.50854109589042,3.3668618721461185,49.0,2
438,2015,141.07826598173517,3.6150456621004565,49.0,2
439,2016,124.98385701275045,3.9535598816029145,49.0,2
440,2013,121.86844406392694,3.965925799086758,49.5,2
441,2014,131.0302305936073,3.7457831050228307,49.5,2
442,2015,136.35199657534247,4.025992009132421,49.5,2
443,2016,127.28437841530054,4.095389344262295,49.5,2
444,2013,119.32565525114155,4.003179223744292,50.0,2
445,2014,128.6777317351598,3.8520011415525115,50.0,2
446,2015,134.2237488584475,4.1267214611872145,50.0,2
447,2016,131.48760701275043,4.428844489981786,50.0,2
448,2013,116.9018892694064,4.185344748858448,50.5,2
449,2014,127.22209360730594,4.013125570776256,50.5,2
450,2015,129.87563470319634,4.327713470319634,50.5,2
451,2016,129.01812955373407,4.428844489981786,50.5,2
452,2013,174.17421347031964,3.5370251141552513,42.0,3
453,2014,177.81711872146118,3.153931506849315,42.0,3
454,2015,188.24406621004567,3.208478310502283,42.0,3
455,2016,182.1851627959927,2.6905510018214938,42.0,3
456,2013,163.54584474885846,4.442062785388128,42.5,3
457,2014,167.1833196347032,3.857876712328767,42.5,3
458,2015,180.32428538812786,3.517178082191781,42.5,3
459,2016,171.07231215846994,5.102289389799636,42.5,3
460,2013,168.26228310502285,6.827892694063927,43.0,3
461,2014,174.85903310502283,6.2896609589041095,43.0,3
462,2015,180.0602625570776,6.291288812785388,43.0,3
463,2016,159.5577948542805,5.102289389799636,43.0,3
464,2013,167.20897031963472,3.4902043378995433,43.5,3
465,2014,172.26591666666667,3.391961187214612,43.5,3
466,2015,180.90075228310502,3.2673150684931507,43.5,3
467,2016,154.87291438979963,3.8456944444444447,43.5,3
468,2013,144.68215068493149,4.171162100456621,44.0,3
469,2014,155.18476598173515,3.9944235159817354,44.0,3
470,2015,162.09033333333335,3.987513698630137,44.0,3
471,2016,153.35320924408015,3.5900819672131146,44.0,3
472,2013,144.72724543378993,3.1912568493150686,44.5,3
473,2014,154.57072374429225,2.9975605022831053,44.5,3
474,2015,167.21356164383562,2.9202682648401828,44.5,3
475,2016,150.22989526411658,3.5900819672131146,44.5,3
476,2013,137.48538698630136,3.2352716894977167,45.0,3
477,2014,150.17938926940639,3.029332191780822,45.0,3
478,2015,161.5707408675799,2.9254737442922374,45.0,3
479,2016,150.38288592896174,3.4593977686703097,45.0,3
480,2013,127.43029794520547,2.889219178082192,45.5,3
481,2014,140.99289497716896,2.6492899543378994,45.5,3
482,2015,150.39000570776255,2.660963470319635,45.5,3
483,2016,133.39384221311477,3.4338262750455373,45.5,3
484,2013,134.68666438356163,2.6402123287671233,46.0,3
485,2014,148.1075102739726,2.4628036529680366,46.0,3
486,2015,155.72520662100456,2.4224908675799086,46.0,3
487,2016,139.08504098360655,3.4338262750455373,46.0,3
488,2013,131.8654497716895,2.9326849315068495,46.5,3
489,2014,149.69491894977168,2.875898401826484,46.5,3
490,2015,154.69706278538814,2.9084132420091326,46.5,3
491,2016,137.8654633424408,3.532663934426229,46.5,3
492,2013,130.8220399543379,2.862464611872146,47.0,3
493,2014,147.06031278538813,2.8283892694063923,47.0,3
494,2015,151.46520547945204,2.8593504566210046,47.0,3
495,2016,136.41310109289617,3.6489469489981783,47.0,3
496,2013,130.16208333333336,3.3015730593607304,47.5,3
497,2014,144.43040867579907,3.23701598173516,47.5,3
498,2015,149.44491666666667,3.3190148401826485,47.5,3
499,2016,135.9220377959927,3.6489469489981783,47.5,3
500,2013,129.14926598173517,3.6792397260273972,48.0,3
501,2014,143.85099657534246,3.6217328767123287,48.0,3
502,2015,145.8200696347032,3.7735662100456624,48.0,3
503,2016,130.7919922586521,3.8289139344262297,48.0,3
504,2013,130.33427511415525,3.6523698630136985,48.5,3
505,2014,140.8420810502283,3.5523493150684935,48.5,3
506,2015,145.03381735159817,3.7325296803652965,48.5,3
507,2016,127.14115437158469,3.8975546448087433,48.5,3
508,2013,126.59716894977169,3.7927237442922377,49.0,3
509,2014,137.61209360730592,3.6997762557077625,49.0,3
510,2015,143.02441666666667,3.8645148401826486,49.0,3
511,2016,124.03670423497267,3.8975546448087433,49.0,3
512,2013,122.67809246575344,3.6732488584474887,49.5,3
513,2014,132.33792579908675,3.5360285388127854,49.5,3
514,2015,137.43666780821917,3.7622397260273974,49.5,3
515,2016,127.81458447176685,4.068315118397086,49.5,3
516,2013,121.88268721461188,3.9991175799086753,50.0,3
517,2014,130.95547374429222,3.8300376712328763,50.0,3
518,2015,134.73123630136985,4.0674600456621,50.0,3
519,2016,126.4429178051002,4.193822859744991,50.0,3
520,2013,118.50484589041095,3.987278538812785,50.5,3
521,2014,125.86854452054794,3.8864783105022833,50.5,3
522,2015,129.9513082191781,4.176436073059361,50.5,3
523,2016,132.71507855191257,4.193822859744991,50.5,3
524,2013,118.58442123287672,3.9025627853881275,51.0,3
525,2014,128.66482191780824,3.783972602739726,51.0,3
526,2015,129.780301369863,4.091906392694064,51.0,3
527,2016,132.81804986338798,4.4502538706739525,51.0,3
528,2013,91.24815068493152,8.175267123287671,60.5,3
529,2014,96.5608607305936,8.782817351598172,60.5,3
530,2015,92.1266906392694,8.823817351598173,60.5,3
531,2016,90.57426229508197,7.9458674863387975,60.5,3
532,2013,187.02990867579908,5.907771689497717,40.0,4
533,2014,198.78534589041095,5.451869863013698,40.0,4
534,2015,196.8620399543379,5.2688356164383565,40.0,4
535,2016,190.13556807832424,5.498168260473589,40.0,4
536,2013,170.17464383561642,2.9825593607305936,44.0,4
537,2014,171.7072888127854,2.7273196347031963,44.0,4
538,2015,183.97432876712327,2.7605719178082193,44.0,4
539,2016,159.86736908014572,3.836112249544627,44.0,4
540,2013,145.8509292237443,2.5657739726027398,44.5,4
541,2014,148.1556712328767,2.238425799086758,44.5,4
542,2015,162.47078310502283,2.29983904109589,44.5,4
543,2016,141.7796766848816,3.836112249544627,44.5,4
544,2013,128.2631974885845,3.843415525114155,45.0,4
545,2014,144.98839611872148,3.560299086757991,45.0,4
546,2015,154.42332191780824,3.5000171232876713,45.0,4
547,2016,143.2882866575592,3.568193306010929,45.0,4
548,2013,131.1710707762557,2.842811643835616,45.5,4
549,2014,149.0748002283105,2.664873287671233,45.5,4
550,2015,157.33159589041097,2.571890410958904,45.5,4
551,2016,140.13275159380694,3.2733868397085613,45.5,4
552,2013,134.72598858447486,2.589461187214612,46.0,4
553,2014,148.81133333333332,2.4182260273972602,46.0,4
554,2015,156.60281506849313,2.3205502283105024,46.0,4
555,2016,139.05120332422587,3.2733868397085613,46.0,4
556,2013,132.62700684931508,2.6105102739726025,46.5,4
557,2014,148.90042465753424,2.58275,46.5,4
558,2015,153.8324805936073,2.579450913242009,46.5,4
559,2016,137.85474271402552,3.289885018214936,46.5,4
560,2013,128.0134497716895,2.786670091324201,47.0,4
561,2014,141.99511415525114,2.6690981735159816,47.0,4
562,2015,147.88435502283104,2.683529680365297,47.0,4
563,2016,134.47338683970855,3.5180202641165756,47.0,4
564,2013,126.23676712328768,3.199521689497717,47.5,4
565,2014,144.43278538812785,3.1524737442922373,47.5,4
566,2015,147.27360388127855,3.271642694063927,47.5,4
567,2016,133.71801798724954,3.5180202641165756,47.5,4
568,2013,125.45561415525114,3.338722602739726,48.0,4
569,2014,141.29478767123288,3.289931506849315,48.0,4
570,2015,146.91852283105024,3.4083082191780822,48.0,4
571,2016,127.84180669398907,3.754710837887067,48.0,4
572,2013,128.96492694063926,3.517393835616438,48.5,4
573,2014,143.0363584474886,3.4467351598173517,48.5,4
574,2015,147.45170776255708,3.6048744292237442,48.5,4
575,2016,128.69565004553735,3.820703551912568,48.5,4
576,2013,125.8456506849315,3.5376609589041097,49.0,4
577,2014,139.5791289954338,3.425945205479452,49.0,4
578,2015,145.18764611872146,3.6530034246575345,49.0,4
579,2016,126.84456739526411,3.820703551912568,49.0,4
580,2013,124.2368789954338,3.590345890410959,49.5,4
581,2014,137.24915182648402,3.442103881278539,49.5,4
582,2015,140.76679452054793,3.6624246575342467,49.5,4
583,2016,125.61086407103826,3.9789332877959924,49.5,4
584,2013,118.33065753424657,4.162977168949772,50.0,4
585,2014,127.67168607305936,4.047081050228311,50.0,4
586,2015,131.30948173515984,4.209268264840183,50.0,4
587,2016,126.09731443533698,4.213954918032787,50.0,4
588,2013,117.83861643835617,4.01157191780822,50.5,4
589,2014,126.5487694063927,3.947337899543379,50.5,4
590,2015,130.75532648401827,4.1437842465753425,50.5,4
591,2016,131.96614981785063,4.213954918032787,50.5,4
592,2013,116.9718093607306,3.907138127853881,51.0,4
593,2014,125.07770433789953,3.7991518264840183,51.0,4
594,2015,128.44661301369865,4.106119863013698,51.0,4
595,2016,132.7763091985428,4.357207422586521,51.0,4
596,2013,117.52395319634702,3.921300228310502,51.5,4
597,2014,126.83818721461188,3.775753424657534,51.5,4
598,2015,129.69268607305935,4.212891552511415,51.5,4
599,2016,132.1389765482696,6.2720377959927145,51.5,4
600,2013,93.05433219178082,7.88119406392694,60.5,4
601,2014,100.4150913242009,8.204189497716895,60.5,4
602,2015,93.0648002283105,8.471519406392693,60.5,4
603,2016,92.02112249544626,7.3337556921675775,60.5,4
604,2013,186.62129452054796,6.170119863013698,43.5,5
605,2014,188.04985616438356,5.891100456621005,43.5,5
606,2015,194.16821689497718,5.566255707762557,43.5,5
607,2016,180.23679644808743,3.9530976775956286,43.5,5
608,2013,183.65750342465753,3.4447636986301373,44.0,5
609,2014,184.95954794520546,3.2056963470319637,44.0,5
610,2015,192.21099657534248,3.104829908675799,44.0,5
611,2016,171.53736452641166,3.2656921675774133,44.0,5
612,2013,162.17782762557079,3.3671027397260276,44.5,5
613,2014,163.7356210045662,2.9184155251141553,44.5,5
614,2015,172.38066438356162,3.1161061643835617,44.5,5
615,2016,154.3274191712204,3.2656921675774133,44.5,5
616,2013,154.39100342465753,3.3033196347031963,45.0,5
617,2014,163.70920547945204,2.9147374429223745,45.0,5
618,2015,169.5507111872146,3.0731963470319634,45.0,5
619,2016,158.917316712204,2.8666609744990894,45.0,5
620,2013,144.50789954337898,3.333156392694064,45.5,5
621,2014,155.7924200913242,3.0926632420091322,45.5,5
622,2015,164.33823515981734,3.2427374429223748,45.5,5
623,2016,142.53653233151184,2.631589253187614,45.5,5
624,2013,140.65259360730593,3.020447488584475,46.0,5
625,2014,157.8102716894977,2.8650182648401827,46.0,5
626,2015,163.28257762557075,3.025390410958904,46.0,5
627,2016,141.06779599271403,2.631589253187614,46.0,5
628,2013,132.01729452054795,2.7113390410958904,46.5,5
629,2014,152.37291210045663,2.6773527397260275,46.5,5
630,2015,157.76296118721461,2.759667808219178,46.5,5
631,2016,140.57328551912568,2.8774715391621126,46.5,5
632,2013,131.58339383561645,2.9209315068493154,47.0,5
633,2014,150.0520205479452,2.8518002283105024,47.0,5
634,2015,155.71047716894978,2.957607305936073,47.0,5
635,2016,139.78424635701276,3.3071561930783244,47.0,5
636,2013,126.46959931506849,3.1326004566210046,47.5,5
637,2014,142.81996803652967,2.990587899543379,47.5,5
638,2015,149.13663698630137,3.1415422374429225,47.5,5
639,2016,137.45097108378872,3.3071561930783244,47.5,5
640,2013,120.41390182648402,3.4216267123287674,48.0,5
641,2014,137.64365296803652,3.3460947488584476,48.0,5
642,2015,141.13336872146118,3.4511312785388126,48.0,5
643,2016,126.36695924408014,3.538293488160291,48.0,5
644,2013,121.02668264840183,3.3214143835616436,48.5,5
645,2014,135.9281312785388,3.2026335616438355,48.5,5
646,2015,139.4135878995434,3.3922819634703196,48.5,5
647,2016,124.60652322404371,3.7631454918032787,48.5,5
648,2013,120.13359817351599,3.6418698630136985,49.0,5
649,2014,133.3204166666667,3.479505707762557,49.0,5
650,2015,136.45853767123288,3.7420285388127854,49.0,5
651,2016,125.71397313296904,3.7631454918032787,49.0,5
652,2013,117.93871689497718,3.7804086757990865,49.5,5
653,2014,131.57966894977167,3.567964611872146,49.5,5
654,2015,134.64808333333332,3.8419337899543375,49.5,5
655,2016,121.5974351092896,3.9650500910746813,49.5,5
656,2013,112.14429337899543,4.038841324200913,50.0,5
657,2014,122.38573287671232,3.8645490867579904,50.0,5
658,2015,127.21941324200914,4.042990867579909,50.0,5
659,2016,115.80553164845173,4.114239526411658,50.0,5
660,2013,113.83325114155251,4.164810502283105,50.5,5
661,2014,125.6594920091324,4.067755707762557,50.5,5
662,2015,129.929301369863,4.296587899543379,50.5,5
663,2016,121.05572290528232,4.114239526411658,50.5,5
664,2013,118.08399315068493,3.670700913242009,51.0,5
665,2014,127.9991917808219,3.558775114155251,51.0,5
666,2015,131.5805479452055,3.8734611872146116,51.0,5
667,2016,121.96135132058288,4.107723132969034,51.0,5
668,2013,112.85942351598175,3.685222602739726,51.5,5
669,2014,122.03763812785388,3.5321061643835616,51.5,5
670,2015,126.63145662100457,3.896899543378995,51.5,5
671,2016,122.58350182149363,4.180819672131148,51.5,5
672,2013,113.25166210045661,4.094404109589042,52.0,5
673,2014,123.35839155251142,3.950497716894977,52.0,5
674,2015,126.43691666666666,4.3276518264840185,52.0,5
675,2016,119.84166438979963,4.180819672131148,52.0,5
676,2013,112.70496232876712,4.521014840182648,52.5,5
677,2014,120.3921883561644,4.337371004566211,52.5,5
678,2015,122.31504452054794,4.835760273972603,52.5,5
679,2016,120.5138752276867,5.760982468123862,52.5,5
680,2013,90.89104680365297,6.253404109589041,60.5,5
681,2014,101.64631849315069,6.054977168949772,60.5,5
682,2015,89.84688356164384,6.537406392694064,60.5,5
683,2016,87.67137408925319,3.471269353369763,60.5,5
684,2013,178.37245890410958,3.2869155251141553,43.5,6
685,2014,179.86494748858448,3.033912100456621,43.5,6
686,2015,187.65606278538814,2.8781894977168947,43.5,6
687,2016,174.4977140255009,3.281155510018215,43.5,6
688,2013,179.40475570776255,2.599173515981735,44.0,6
689,2014,181.04662671232876,2.3347682648401826,44.0,6
690,2015,188.65815182648402,2.2864303652968037,44.0,6
691,2016,170.34312841530055,2.5357399817850634,44.0,6
692,2013,172.04954680365296,1.8364052511415525,44.5,6
693,2014,173.19438127853883,1.6487625570776256,44.5,6
694,2015,183.6972591324201,1.5991244292237443,44.5,6
695,2016,159.50915869763205,2.5357399817850634,44.5,6
696,2013,124.6825684931507,1.9502614155251143,45.0,6
697,2014,136.51220433789953,1.7327705479452054,45.0,6
698,2015,147.47538470319634,1.613178082191781,45.0,6
699,2016,144.97944672131146,2.123024817850638,45.0,6
700,2013,144.36139611872147,1.267579908675799,45.5,6
701,2014,154.1845194063927,1.149593607305936,45.5,6
702,2015,161.84339954337898,1.0682203196347033,45.5,6
703,2016,140.07310564663024,2.151236338797814,45.5,6
704,2013,141.96776484018264,1.611302511415525,46.0,6
705,2014,152.83860388127854,1.4293356164383562,46.0,6
706,2015,158.99864041095893,1.5062842465753423,46.0,6
707,2016,137.99081739526412,2.151236338797814,46.0,6
708,2013,123.9360913242009,2.000921232876712,46.5,6
709,2014,131.02643036529682,1.704244292237443,46.5,6
710,2015,146.8602020547945,1.8289052511415524,46.5,6
711,2016,137.86941484517303,2.5986873861566484,46.5,6
712,2013,116.16074429223744,3.0092762557077624,47.0,6
713,2014,130.1901723744292,2.8234189497716895,47.0,6
714,2015,141.0258082191781,2.9611107305936075,47.0,6
715,2016,131.1337226775956,3.166593806921676,47.0,6
716,2013,128.62613584474886,2.8503424657534246,47.5,6
717,2014,143.63555936073058,2.68966095890411,47.5,6
718,2015,150.12492351598175,2.845350456621005,47.5,6
719,2016,137.75105760473588,3.166593806921676,47.5,6
720,2013,126.20748744292239,2.6796255707762557,48.0,6
721,2014,142.07469178082192,2.582648401826484,48.0,6
722,2015,145.85835730593607,2.668712328767123,48.0,6
723,2016,125.34532673041896,3.3710940346083786,48.0,6
724,2013,122.11408105022832,3.4290776255707764,48.5,6
725,2014,137.4710502283105,3.2773447488584475,48.5,6
726,2015,141.2392614155251,3.4698093607305935,48.5,6
727,2016,125.394337431694,3.6619182604735885,48.5,6
728,2013,123.68053881278539,3.5126107305936074,49.0,6
729,2014,134.1815216894977,3.3048424657534246,49.0,6
730,2015,137.43420547945203,3.5460559360730595,49.0,6
731,2016,122.82376593806922,3.6619182604735885,49.0,6
732,2013,119.41183904109589,3.4079908675799087,49.5,6
733,2014,130.91969292237442,3.140851598173516,49.5,6
734,2015,134.72466438356165,3.4487237442922374,49.5,6
735,2016,120.85415642076502,3.9440346083788707,49.5,6
736,2013,114.79551255707761,3.558052511415525,50.0,6
737,2014,124.90321347031963,3.2536495433789954,50.0,6
738,2015,127.62261757990866,3.5472214611872146,50.0,6
739,2016,118.46298041894353,4.063084016393442,50.0,6
740,2013,108.13123173515982,4.211735159817352,50.5,6
741,2014,118.74352054794521,3.983890410958904,50.5,6
742,2015,121.78417922374429,4.216807077625571,50.5,6
743,2016,122.44972677595628,4.063084016393442,50.5,6
744,2013,115.72028310502284,3.791778538812786,51.0,6
745,2014,125.71284474885844,3.6306175799086757,51.0,6
746,2015,129.95407762557076,4.000196347031964,51.0,6
747,2016,121.8174715391621,4.084071038251366,51.0,6
748,2013,115.01935159817351,3.5560376712328767,51.5,6
749,2014,122.49736986301369,3.4080205479452053,51.5,6
750,2015,127.52120091324201,3.792393835616439,51.5,6
751,2016,122.06910519125684,4.1388718123861565,51.5,6
752,2013,112.82396689497716,3.659366438356164,52.0,6
753,2014,121.52486301369863,3.500001141552511,52.0,6
754,2015,125.25523401826486,3.884162100456621,52.0,6
755,2016,119.66507855191257,4.1388718123861565,52.0,6
756,2013,109.1862488584475,4.0262454337899545,52.5,6
757,2014,117.806600456621,3.885415525114155,52.5,6
758,2015,119.77004109589042,4.236198630136986,52.5,6
759,2016,123.35765368852458,4.327795992714026,52.5,6
760,2013,111.94093721461186,4.40637100456621,53.0,6
761,2014,118.53879908675799,4.27334703196347,53.0,6
762,2015,118.85555251141552,4.5758470319634705,53.0,6
763,2016,122.28426001821494,5.060416666666666,53.0,6
764,2013,102.97990753424658,5.475526255707763,58.5,6
765,2014,111.51268264840182,6.005110730593607,58.5,6
766,2015,102.30557648401826,5.865396118721462,58.5,6
767,2016,100.6918010018215,4.526996812386156,58.5,6
768,2013,91.04713812785388,2.580381278538813,59.5,6
769,2014,98.63358105022832,2.6588287671232878,59.5,6
770,2015,86.36155821917808,2.6569942922374428,59.5,6
771,2016,91.15892873406193,3.912313296903461,59.5,6
772,2013,82.54155707762557,2.364546803652968,60.0,6
773,2014,91.13597374429224,2.2735342465753425,60.0,6
774,2015,81.12448630136986,2.1072294520547947,60.0,6
775,2016,91.1300956284153,3.215037568306011,60.0,6
776,2013,81.41621347031963,2.60914497716895,60.5,6
777,2014,94.40150228310503,2.5259166666666664,60.5,6
778,2015,86.24942351598173,2.2323310502283107,60.5,6
779,2016,84.36286771402551,2.7891586976320584,60.5,6
780,2013,160.43356050228311,1.4433002283105023,44.0,7
781,2014,163.31887671232877,1.2916141552511418,44.0,7
782,2015,172.85695662100457,1.2781118721461187,44.0,7
783,2016,169.46606329690346,2.1318920765027323,44.0,7
784,2013,133.90771232876713,1.4791472602739726,44.5,7
785,2014,137.49525342465753,1.324656392694064,44.5,7
786,2015,148.6274212328767,1.3136404109589042,44.5,7
787,2016,169.12100295992713,2.1318920765027323,44.5,7
788,2013,121.76733675799088,1.4670205479452054,45.0,7
789,2014,126.75344977168949,1.252549086757991,45.0,7
790,2015,133.98222831050228,1.2952796803652968,45.0,7
791,2016,133.54539617486338,1.6062181238615665,45.0,7
792,2013,109.43677283105023,1.5519977168949772,45.5,7
793,2014,123.65842123287672,1.2835296803652967,45.5,7
794,2015,132.71943493150684,1.3653253424657534,45.5,7
795,2016,127.35218920765026,1.751785063752277,45.5,7
796,2013,111.4885308219178,1.3508995433789954,46.0,7
797,2014,125.45226712328768,1.1796541095890412,46.0,7
798,2015,133.31589497716894,1.3353139269406393,46.0,7
799,2016,127.50846994535519,1.751785063752277,46.0,7
800,2013,130.32805821917808,1.376958904109589,46.5,7
801,2014,136.1709623287671,1.2482340182648402,46.5,7
802,2015,147.10780593607305,1.184972602739726,46.5,7
803,2016,132.89644239526413,2.2791951275045537,46.5,7
804,2013,136.94084703196347,2.3010662100456623,47.0,7
805,2014,148.41653196347033,1.952464611872146,47.0,7
806,2015,153.46880365296803,2.166384703196347,47.0,7
807,2016,136.46926798724954,2.9023895719489983,47.0,7
808,2013,126.37098287671233,2.6704531963470317,47.5,7
809,2014,138.39543607305936,2.3636141552511414,47.5,7
810,2015,147.83974543378994,2.467335616438356,47.5,7
811,2016,134.89479394353367,2.9023895719489983,47.5,7
812,2013,110.9796906392694,2.3327123287671236,48.0,7
813,2014,120.59376255707764,1.979853881278539,48.0,7
814,2015,129.81059817351598,2.1482545662100456,48.0,7
815,2016,120.41024704007287,3.0855646630236793,48.0,7
816,2013,114.74795205479451,2.897763698630137,48.5,7
817,2014,128.10222831050228,2.5317020547945206,48.5,7
818,2015,133.52337557077627,2.709151826484018,48.5,7
819,2016,124.04682604735885,3.3676616575591987,48.5,7
820,2013,121.33080821917807,3.4672340182648402,49.0,7
821,2014,137.97910616438355,3.2446438356164387,49.0,7
822,2015,138.07642694063927,3.5428356164383565,49.0,7
823,2016,123.61350182149363,3.3676616575591987,49.0,7
824,2013,118.99413812785389,3.3062705479452057,49.5,7
825,2014,131.12879452054796,3.0365285388127856,49.5,7
826,2015,131.38257876712328,3.2836118721461185,49.5,7
827,2016,119.14793488160291,3.732743624772313,49.5,7
828,2013,114.91071347031964,3.4753470319634703,50.0,7
829,2014,127.1741997716895,3.1705673515981734,50.0,7
830,2015,128.87418949771688,3.432851598173516,50.0,7
831,2016,118.15459357923497,3.8696004098360657,50.0,7
832,2013,110.66340753424657,3.5789566210045662,50.5,7
833,2014,120.66902739726027,3.393261415525114,50.5,7
834,2015,124.45703995433789,3.6781061643835615,50.5,7
835,2016,124.05965505464481,3.8696004098360657,50.5,7
836,2013,112.44554680365297,3.1504486301369865,51.0,7
837,2014,123.35366095890411,3.102196347031964,51.0,7
838,2015,125.49834018264839,3.2663630136986304,51.0,7
839,2016,122.06203551912567,3.966047358834244,51.0,7
840,2013,110.1435194063927,3.7433926940639273,51.5,7
841,2014,119.22181392694064,3.668654109589041,51.5,7
842,2015,123.80601027397259,3.9748219178082196,51.5,7
843,2016,122.42250227686704,4.116853369763206,51.5,7
844,2013,112.03854109589041,3.5610365296803654,52.0,7
845,2014,119.07693835616438,3.3970901826484017,52.0,7
846,2015,123.02443036529681,3.771494292237443,52.0,7
847,2016,120.4425660291439,4.116853369763206,52.0,7
848,2013,110.5636700913242,3.755844748858447,52.5,7
849,2014,118.19718835616439,3.6058470319634703,52.5,7
850,2015,120.58134474885846,3.991189497716895,52.5,7
851,2016,120.57638888888889,4.230261839708561,52.5,7
852,2013,109.81278538812785,4.272686073059361,53.0,7
853,2014,118.6777089041096,4.168406392694064,53.0,7
854,2015,119.11124657534246,4.43549200913242,53.0,7
855,2016,121.76613615664846,4.798781876138434,53.0,7
856,2013,110.40867808219178,8.177066210045663,58.0,7
857,2014,117.10652739726027,8.702727168949771,58.0,7
858,2015,110.33635616438356,8.726429223744292,58.0,7
859,2016,90.72823884335155,7.776120218579235,58.0,7
860,2013,95.30811187214611,3.6439155251141555,58.5,7
861,2014,105.3148698630137,3.760920091324201,58.5,7
862,2015,96.82833105022831,3.8180878995433787,58.5,7
863,2016,91.07087773224043,4.099338570127504,58.5,7
864,2013,78.15896803652967,4.4909600456621,59.0,7
865,2014,92.2709303652968,4.534284246575343,59.0,7
866,2015,86.53396575342467,4.628426940639269,59.0,7
867,2016,91.16165528233151,2.9934585610200366,59.0,7
868,2013,70.87971232876713,3.925336757990867,59.5,7
869,2014,88.67273744292238,3.8044269406392694,59.5,7
870,2015,85.49101369863014,4.1728652968036535,59.5,7
871,2016,84.4176240892532,2.9934585610200366,59.5,7
872,2013,70.3850901826484,3.315933789954338,60.0,7
873,2014,85.0623002283105,2.9460228310502283,60.0,7
874,2015,76.27720319634703,3.1151232876712327,60.0,7
875,2016,82.02693533697632,3.120339253187614,60.0,7
876,2013,76.08692351598172,2.678164383561644,60.5,7
877,2014,83.984350456621,2.4849372146118722,60.5,7
878,2015,81.98504566210046,2.328732876712329,60.5,7
879,2016,83.27373861566485,2.339962431693989,60.5,7
880,2013,169.2873881278539,3.1026952054794523,44.0,8
881,2014,170.92443493150685,2.7984303652968037,44.0,8
882,2015,181.20132191780823,2.9413744292237443,44.0,8
883,2016,165.31839025500912,3.0244592440801457,44.0,8
884,2013,155.67172146118722,2.4828105022831046,44.5,8
885,2014,157.80004680365295,2.2406506849315067,44.5,8
886,2015,167.9830913242009,2.25726598173516,44.5,8
887,2016,164.15909722222221,3.0244592440801457,44.5,8
888,2013,159.39841324200916,1.7233173515981735,45.0,8
889,2014,161.2661118721461,1.64375,45.0,8
890,2015,172.17653767123286,1.6363687214611873,45.0,8
891,2016,168.5519057377049,2.1244706284153003,45.0,8
892,2013,158.22517351598174,1.499692922374429,45.5,8
893,2014,159.45024771689498,1.4786586757990867,45.5,8
894,2015,169.90903881278538,1.4812260273972604,45.5,8
895,2016,133.75750341530053,1.7544045992714026,45.5,8
896,2013,107.71531278538814,1.1363036529680366,46.0,8
897,2014,111.84852283105022,1.0118995433789955,46.0,8
898,2015,122.88391095890411,0.9916267123287671,46.0,8
899,2016,126.95093579234972,1.7544045992714026,46.0,8
900,2013,119.14346689497717,1.5342077625570776,46.5,8
901,2014,125.74069634703196,1.35549200913242,46.5,8
902,2015,135.67971347031963,1.3417579908675799,46.5,8
903,2016,128.916141848816,1.6055692167577413,46.5,8
904,2013,111.8658904109589,1.4277374429223744,47.0,8
905,2014,116.61652168949772,1.2679143835616438,47.0,8
906,2015,124.43437899543378,1.2598755707762557,47.0,8
907,2016,126.82924863387977,2.314264571948998,47.0,8
908,2013,126.58129452054793,2.2496495433789954,47.5,8
909,2014,136.92159817351597,1.9569840182648401,47.5,8
910,2015,145.63028310502284,2.0630878995433792,47.5,8
911,2016,132.6513080601093,2.314264571948998,47.5,8
912,2013,112.00488242009132,2.8180867579908675,48.0,8
913,2014,122.91398401826484,2.4915228310502284,48.0,8
914,2015,131.0840787671233,2.5327579908675797,48.0,8
915,2016,128.70967896174864,2.8905100182149366,48.0,8
916,2013,120.54045205479453,2.5727180365296802,48.5,8
917,2014,135.4102625570776,2.2743527397260275,48.5,8
918,2015,140.04786301369865,2.4305102739726028,48.5,8
919,2016,122.67441142987249,3.1951331967213115,48.5,8
920,2013,124.73657762557077,2.960123287671233,49.0,8
921,2014,140.41027853881278,2.707691780821918,49.0,8
922,2015,141.210649543379,2.9829497716894977,49.0,8
923,2016,123.30486338797813,3.1951331967213115,49.0,8
924,2013,117.34707534246576,3.035711187214612,49.5,8
925,2014,129.42537214611872,2.737574200913242,49.5,8
926,2015,131.50840525114154,3.0574760273972603,49.5,8
927,2016,124.30784039162114,3.4102550091074684,49.5,8
928,2013,123.15804452054795,3.105013698630137,50.0,8
929,2014,133.73630707762558,2.7708310502283107,50.0,8
930,2015,134.9737100456621,3.081940639269406,50.0,8
931,2016,123.63040528233151,3.573464253187614,50.0,8
932,2013,119.31733675799087,3.0738036529680364,50.5,8
933,2014,129.03299885844748,2.810778538812785,50.5,8
934,2015,132.32588242009132,3.0639931506849316,50.5,8
935,2016,117.32240892531877,3.573464253187614,50.5,8
936,2013,106.95338127853881,3.5499086757990868,51.0,8
937,2014,116.98414497716895,3.291278538812785,51.0,8
938,2015,121.28852853881278,3.5555273972602737,51.0,8
939,2016,120.79337090163934,3.795243624772313,51.0,8
940,2013,106.15687214611872,3.7996872146118723,51.5,8
941,2014,115.54905251141552,3.6459611872146116,51.5,8
942,2015,121.95506506849314,3.9461883561643836,51.5,8
943,2016,121.60674066484519,3.945487249544627,51.5,8
944,2013,111.07904223744292,3.5327922374429224,52.0,8
945,2014,121.79967009132422,3.3453390410958903,52.0,8
946,2015,124.0477203196347,3.7404657534246577,52.0,8
947,2016,117.96457194899818,3.945487249544627,52.0,8
948,2013,109.02120662100457,3.543286529680365,52.5,8
949,2014,119.69921803652969,3.4179863013698633,52.5,8
950,2015,120.25603652968036,3.776728310502283,52.5,8
951,2016,117.43199795081968,4.109570810564663,52.5,8
952,2013,109.79891210045662,3.5559178082191782,53.0,8
953,2014,119.56909360730593,3.4824372146118723,53.0,8
954,2015,117.90294178082192,3.7767831050228313,53.0,8
955,2016,117.43948087431694,4.405028460837887,53.0,8
956,2013,110.44846461187215,4.057361872146118,53.5,8
957,2014,119.47527283105023,4.006276255707763,53.5,8
958,2015,116.47259931506849,4.219417808219178,53.5,8
959,2016,119.45475295992715,4.405028460837887,53.5,8
960,2013,102.38305365296804,3.42900799086758,58.5,8
961,2014,108.27019292237443,3.4631541095890412,58.5,8
962,2015,107.47883219178081,3.7428892694063927,58.5,8
963,2016,95.63599271402549,3.955787795992714,58.5,8
964,2013,95.59893264840183,3.0980799086757993,59.0,8
965,2014,100.6229703196347,2.9490582191780823,59.0,8
966,2015,103.9704805936073,3.1968607305936074,59.0,8
967,2016,96.30384221311475,2.8486099726775955,59.0,8
968,2013,96.56397716894976,2.335353881278539,59.5,8
969,2014,100.2278698630137,2.082898401826484,59.5,8
970,2015,103.16795433789954,2.2870513698630135,59.5,8
971,2016,94.02462317850637,2.8486099726775955,59.5,8
972,2013,84.10436872146119,3.4773915525114156,60.0,8
973,2014,90.96204109589041,3.116517123287671,60.0,8
974,2015,95.12833675799087,3.459816210045662,60.0,8
975,2016,89.53556010928962,3.225629553734062,60.0,8
976,2013,81.61984817351598,4.196299086757991,60.5,8
977,2014,87.2860810502283,3.9603196347031964,60.5,8
978,2015,92.2821404109589,4.579670091324202,60.5,8
979,2016,90.40912568306011,2.8409118852459017,60.5,8
