,annee,Energie_recue,Energie_fournie,latitude,longitude,rendement_annuel,retour_énergétique
0,2013,1684189.38,228747.14409275076,41.0,-6,0.1358203221141026,13.615901434092308
1,2014,1713956.88,232396.14396387577,41.0,-6,0.13559042626782758,13.833103807373558
2,2015,1734321.33,234892.48646578327,41.0,-6,0.13543769681122658,13.98169562296329
3,2016,1649745.86,224586.02029346267,41.0,-6,0.13613370746295594,13.368215493658493
4,2013,1668998.14,226884.95100289676,41.5,-6,0.13594080518441848,13.505056607315284
5,2014,1691166.64,229602.43999737178,41.5,-6,0.1357657102302892,13.666811904605463
6,2015,1694014.2,229951.50344149777,41.5,-6,0.13574355128870688,13.687589490565344
7,2016,1644854.18,223986.38177193468,41.5,-6,0.13617400526770992,13.332522724519922
8,2013,1651849.76,224782.84513542376,42.0,-6,0.13607947319338762,13.379931258060939
9,2014,1679764.4,228204.71522066777,42.0,-6,0.13585519208566854,13.583614001230224
10,2015,1675457.49,227676.75976471926,42.0,-6,0.13588930851639766,13.55218808123329
11,2016,1500658.51,206310.3934878402,42.0,-6,0.13747990772920096,12.280380564752392
12,2013,1621411.84,221051.66293479176,42.5,-6,0.13633282888497456,13.157837079451891
13,2014,1655271.02,225202.23464744477,42.5,-6,0.1360515782167471,13.40489491949076
14,2015,1667032.01,226643.93620096127,42.5,-6,0.13595655922705482,13.490710488152457
15,2016,1495600.45,205690.35954853919,42.5,-6,0.13753028728263567,12.243473782651142
16,2013,1409351.38,195056.58134545077,43.0,-6,0.13840166768449952,11.61051079437207
17,2014,1442182.49,199081.12879346928,43.0,-6,0.13804156559512054,11.850067190087458
18,2015,1483866.63,204190.91031653827,43.0,-6,0.13760732008410909,12.154220852174896
19,2016,1326562.6,184969.13361874167,43.0,-6,0.13943490764683225,11.010067477306052
20,2013,1196299.16,168939.92649291377,43.5,-6,0.14121879555019815,10.055948005530581
21,2014,1292677.99,180754.36634339427,43.5,-6,0.13982938345178622,10.759188472821087
22,2015,1231563.38,173262.73271565078,43.5,-6,0.14068519373777644,10.313257899741117
23,2016,1301722.93,181924.20365724718,43.5,-6,0.13975647156898988,10.828821646264714
24,2013,1683411.71,228651.81469895627,41.0,-5,0.1358264370745979,13.610227065414064
25,2014,1744333.49,236119.81057931928,41.0,-5,0.13536391517617385,14.054750629721386
26,2015,1737167.79,235241.41506822428,41.0,-5,0.1354166341457576,14.002465182632397
27,2016,1691319.03,229682.19874218217,41.0,-5,0.1358006352841558,13.671559448939416
28,2013,1654722.68,225135.01729330578,41.5,-5,0.13605604130192123,13.400893886506296
29,2014,1729440.09,234294.12771442925,41.5,-5,0.13547397742724307,13.946079030620789
30,2015,1726361.38,233916.72912895077,41.5,-5,0.1354969659532993,13.923614829104212
31,2016,1697846.11,230482.31007430019,41.5,-5,0.13574982368354938,13.719185123470249
32,2013,1639326.29,223247.67622919928,42.0,-5,0.13618257548300483,13.288552156499957
33,2014,1713471.85,232336.68736162526,42.0,-5,0.1355941081621068,13.829564723906266
34,2015,1707165.35,231563.61546485027,42.0,-5,0.13564217166477183,13.78354853957442
35,2016,1700728.53,230835.64677400718,42.0,-5,0.13572750894818422,13.74021706988138
36,2013,1600068.19,218435.28681656427,42.5,-5,0.136516236109015,13.002100405747873
37,2014,1654655.22,225126.74782051478,42.5,-5,0.13605659058115732,13.400401655983023
38,2015,1684644.27,228802.90603283228,42.5,-5,0.1358167478483943,13.619220597192397
39,2016,1641280.81,223548.34610654518,42.5,-5,0.13620359462226647,13.306449173008643
40,2013,1379881.25,191444.03408511527,43.0,-5,0.13873949956571646,11.3954782193521
41,2014,1426023.56,197100.31302165377,43.0,-5,0.13821672975841562,11.732161489384152
42,2015,1480720.16,203805.20548326377,43.0,-5,0.1376392454083044,12.131262231146653
43,2016,1354638.27,188410.74330083618,43.0,-5,0.13908564926401804,11.214925196478344
44,2013,1030345.93,148596.8236161933,50.5,-5,0.14422032376659485,8.84504902477341
45,2014,1117774.47,159314.10693500226,50.5,-5,0.1425279528302362,9.482982555654896
46,2015,1086300.23,155455.88915709828,50.5,-5,0.14310582366082927,9.253326735541565
47,2016,1103571.43,157634.12897972218,50.5,-5,0.14283998724008484,9.382983867840606
48,2013,1019197.3,147230.22461412248,52.0,-5,0.14445703948992258,8.76370384607872
49,2014,1070509.44,153520.2386309915,52.0,-5,0.1434085799663677,9.138109442320921
50,2015,1067089.98,153101.0697690005,52.0,-5,0.14347531383342246,9.113158914821458
51,2016,1060274.33,152326.66293017342,52.0,-5,0.14366721764373322,9.067063269653179
52,2013,1474412.74,203032.02080980677,41.0,-4,0.13770365332695564,12.08523933391707
53,2014,1534183.22,210358.88647931477,41.0,-4,0.13711457910438804,12.521362290435404
54,2015,1584434.96,216518.91311184378,41.0,-4,0.13665370846894453,12.888030542371654
55,2016,1685474.69,228965.77996644317,41.0,-4,0.1358464658798544,13.628915474193045
56,2013,1580488.13,216035.09746856327,41.5,-4,0.13668884528007388,12.859231992176385
57,2014,1661742.16,225995.48866696376,41.5,-4,0.13599913037469288,13.452112420652606
58,2015,1690097.77,229471.41433205726,41.5,-4,0.13577404716181435,13.659012757860552
59,2016,1674287.79,227594.45228832818,41.5,-4,0.13593508454620468,13.5472888266862
60,2013,1568472.77,214562.21438830727,42.0,-4,0.1367969010952656,12.771560380256386
61,2014,1656504.43,225353.43017716828,42.0,-4,0.13604154996263323,13.413894653402874
62,2015,1691387.45,229629.50762688526,42.0,-4,0.13576398927808367,13.668423073028885
63,2016,1672411.16,227364.40869621767,42.0,-4,0.13595006666675058,13.533595755727243
64,2013,1493294.8,205346.64697950776,42.5,-4,0.13751246370074266,12.223014701161176
65,2014,1595696.91,217899.44067037627,42.5,-4,0.13655440410069872,12.97020480180811
66,2015,1594423.45,217743.33567748527,42.5,-4,0.13656556272895087,12.960912837945552
67,2016,1643286.48,223794.20785413968,42.5,-4,0.13618697079169037,13.321083800841647
68,2013,1287807.71,180157.35110555627,43.0,-4,0.139894605154644,10.723651851521206
69,2014,1417423.02,196046.03001664477,43.0,-4,0.13831158888377923,11.669406548609809
70,2015,1401791.05,194129.81076694527,43.0,-4,0.13848698118520963,11.555345878984838
71,2016,1381711.45,191729.46440038917,43.0,-4,0.13876230409785573,11.412468119070784
72,2013,1169931.36,165707.67323678377,48.0,-4,0.14163879942220178,9.863551978379986
73,2014,1237341.5,173971.03402195277,48.0,-4,0.1406006620015192,10.355418691782903
74,2015,1191103.33,168303.00424548326,48.0,-4,0.14130008707597455,10.01803596699305
75,2016,1149728.1,163292.16821316667,48.0,-4,0.14202676981902648,9.719771917450398
76,2013,1071561.77,153649.19935645728,48.5,-4,0.14338809358275004,9.1457856759796
77,2014,1170198.91,165740.47041207628,48.5,-4,0.14163444265392136,9.865504191195017
78,2015,1115405.06,159023.65671967878,48.5,-4,0.14257032034593672,9.465693852361833
79,2016,1162775.96,164891.61860229768,48.5,-4,0.1418085893367607,9.814977297755814
80,2013,1018707.87,147170.19123389228,50.5,-4,0.14446751180384254,8.760130430588827
81,2014,1073698.72,153911.1538462398,50.5,-4,0.14334668653254964,9.161378205133321
82,2015,1050960.98,151123.8855056108,50.5,-4,0.14379590525388564,8.995469375333975
83,2016,1078761.92,154592.89613206367,50.5,-4,0.14330585207537144,9.201958103099027
84,2013,1012094.3099999999,146359.47889366627,51.0,-4,0.14461051450201937,8.711873743670612
85,2014,1073582.99,153896.96727514427,51.0,-4,0.14334892477678346,9.160533766377634
86,2015,1063654.99,152679.95977634427,51.0,-4,0.1435427476124982,9.088092843830017
87,2016,1031872.4299999999,148845.02536807218,51.0,-4,0.14424750680476287,8.859822938575725
88,2013,947631.44,138457.44174969147,52.0,-4,0.14610895745469513,8.241514389862587
89,2014,1006833.54,145714.63349472647,52.0,-4,0.14472564501052126,8.673490088971814
90,2015,994769.19,144235.74505615397,52.0,-4,0.14499418207368683,8.58546101524726
91,2016,997575.95,144640.88547020045,52.0,-4,0.1449923541863659,8.60957651608336
92,2013,950932.39,138862.083258874,52.5,-4,0.14602729354804497,8.265600193980594
93,2014,982408.32,142720.50820263947,52.5,-4,0.14527615991957343,8.495268345395207
94,2015,960512.5,140036.44523604246,52.5,-4,0.14579346467228949,8.335502692621574
95,2016,1032582.26,148932.07622113894,52.5,-4,0.14423265050199385,8.865004536972556
96,2013,1654840.6,225149.47232193776,41.0,-3,0.1360550812700255,13.401754304877247
97,2014,1708106.68,231679.00684970577,41.0,-3,0.13563497500618976,13.790417074387248
98,2015,1757969.8699999999,237791.40372159227,41.0,-3,0.135264777730003,14.15425022152335
99,2016,1677276.49,227960.8171464732,41.0,-3,0.13591129340069222,13.569096258718641
100,2013,1579038.04,215857.34057856177,41.5,-3,0.13670179888672077,12.848651224914391
101,2014,1629758.99,222074.88454474427,41.5,-3,0.13626240806608114,13.21874312766335
102,2015,1651726.82,224767.77473837478,41.5,-3,0.13608047772595638,13.379034210617545
103,2016,1660812.59,225942.61713040818,41.5,-3,0.1360434154285934,13.448965305381439
104,2013,1444846.6,199407.70432203778,42.0,-3,0.13801306264764562,11.869506209645106
105,2014,1510159.49,207413.97717641926,42.0,-3,0.137345742982696,12.346070070024956
106,2015,1560287.79,213558.87212022426,42.0,-3,0.13687146274484674,12.711837626203826
107,2016,1636371.8,222946.58321556167,42.0,-3,0.13624445447884256,13.270629953307242
108,2013,1347034.74,187417.59885350676,42.5,-3,0.13913345609297853,11.155809455565878
109,2014,1468836.99,202348.52669604428,42.5,-3,0.13776105045941434,12.044555160478826
110,2015,1473970.01,202977.74948326126,42.5,-3,0.13770819494710157,12.08200889781317
111,2016,1579106.28,215926.78393446968,42.5,-3,0.1367398677779115,12.852784758004148
112,2013,1210682.7,170703.10901097278,43.0,-3,0.14099739676710735,10.160899345891236
113,2014,1345095.78,187179.91464119076,43.0,-3,0.13915731312545696,11.141661585785164
114,2015,1324286.24,184629.01151603178,43.0,-3,0.13941775270279316,10.989822114049511
115,2016,1391624.45,192944.63314893917,43.0,-3,0.13864705607101052,11.48479959219876
116,2013,1167038.06,165353.00283022877,48.0,-3,0.14168604135346602,9.842440644656474
117,2014,1266850.67,177588.36693627227,48.0,-3,0.14018097881755257,10.570736127159064
118,2015,1211081.74,170752.02467095677,48.0,-3,0.1409913295125371,10.163810992318856
119,2016,1167976.95,165529.1733798142,48.0,-3,0.14172297953295585,9.852926986893703
120,2013,1113371.6,158774.38838078777,48.5,-3,0.1426068245146434,9.450856451237367
121,2014,1211208.35,170767.54494890026,48.5,-3,0.14098940529009749,10.16473481838692
122,2015,1157089.3,164133.45050108279,48.5,-3,0.14185028804698374,9.76984824411207
123,2016,1160764.38,164645.03238710467,48.5,-3,0.1418419062679238,9.800299546851468
124,2013,1052830.24,151353.02565843178,51.0,-3,0.14375824316979324,9.00910867014475
125,2014,1125099.66,160212.0532645888,51.0,-3,0.14239809943999876,9.53643174193981
126,2015,1075181.97,154092.97560012728,51.0,-3,0.14331804280546787,9.172200928579004
127,2016,972118.99,141520.24851884818,51.0,-3,0.14557914203368066,8.423824316598106
128,2013,960880.6,140081.56816717747,52.0,-3,0.14578457320001825,8.338188581379612
129,2014,1046293.86,150551.81171239848,52.0,-3,0.14389056217189164,8.961417363833243
130,2015,1045582.63,150464.62675637798,52.0,-3,0.14390505584085495,8.956227783117738
131,2016,898827.52,132535.97211355992,52.0,-3,0.1474542881303411,7.889045959140471
132,2013,930978.78,136416.10290048047,52.5,-3,0.14652976612472357,8.120006125028599
133,2014,1007374.9,145780.99521708247,52.5,-3,0.14471374581308555,8.677440191493003
134,2015,1029051.83,148438.22591419797,52.5,-3,0.14424757003172325,8.835608685368927
135,2016,879952.68,130222.23099564594,52.5,-3,0.14798776565535993,7.751323273550353
136,2013,1571081.08,214881.94976594576,41.0,-2,0.1367733037469624,12.790592247972961
137,2014,1636019.15,222842.27592908026,41.0,-2,0.1362100657129107,13.264421186254777
138,2015,1674091.22,227509.27781111476,41.0,-2,0.13590016786009712,13.54221891732826
139,2016,1657113.34,225489.1506729207,41.0,-2,0.1360734629490827,13.421973254340518
140,2013,1581367.94,216142.94752572678,41.5,-2,0.1366809975455344,12.865651638436118
141,2014,1637302.8,222999.63004630778,41.5,-2,0.13619938232946757,13.273787502756415
142,2015,1681812.45,228455.77205063528,41.5,-2,0.13583903011934254,13.598557860156863
143,2016,1626924.36,221788.4843714377,41.5,-2,0.136323783590921,13.201695498299863
144,2013,1479633.91,203672.04931932627,42.0,-2,0.1376502984574923,12.123336269007515
145,2014,1561219.6199999999,213673.09896325477,42.0,-2,0.1368629347376859,12.718636843050879
146,2015,1603165.64,218814.98261402178,42.0,-2,0.13648931660862054,13.024701346072725
147,2016,1512975.52,207820.25383562368,42.0,-2,0.13735863607074336,12.37025320450141
148,2013,1487297.93,204611.53056539327,42.5,-2,0.137572658737845,12.1792577717496
149,2014,1556744.01,213124.46369616126,42.5,-2,0.136903988277534,12.685979981914361
150,2015,1597736.1,218149.41141186276,42.5,-2,0.1365365728494604,12.985084012610878
151,2016,1551460.2,212537.8348337017,42.5,-2,0.13699212834057986,12.651061597244148
152,2013,1000436.12,144930.37890852976,43.0,-2,0.14486719942551632,8.626808268364867
153,2014,1071693.41,153665.3362286513,43.0,-2,0.14338553806041535,9.146746204086385
154,2015,1105794.13,157845.51672366328,43.0,-2,0.14274403565848492,9.395566471646625
155,2016,1164431.66,165094.57985489268,43.0,-2,0.14178125305773007,9.827058324695994
156,2013,1269282.01,177886.40873846126,47.0,-2,0.1401472701393296,10.588476710622695
157,2014,1383309.1,191864.23142141278,47.0,-2,0.13869946450971282,11.420489965560284
158,2015,1337162.79,186207.46215147426,47.0,-2,0.13925564152998474,11.083777509016326
159,2016,1326987.11,185021.1714766502,47.0,-2,0.1394295167468885,11.013164968848226
160,2013,1211975.04,170861.52837751177,47.5,-2,0.14097776170168633,10.170329070089986
161,2014,1335947.34,186058.46821871676,47.5,-2,0.1392708100445911,11.074908822542664
162,2015,1279257.26,179109.20830054878,47.5,-2,0.14001031215609344,10.661262398842188
163,2016,1249321.9,175500.7098563967,47.5,-2,0.14047677372532788,10.446470824785518
164,2013,1173455.22,166139.63980051476,48.0,-2,0.1415815763302112,9.889264273840164
165,2014,1265964.85,177479.78015317526,48.0,-2,0.14019329221753293,10.564272628165194
166,2015,1238369.57,174097.05828658727,48.0,-2,0.14058570438434406,10.362920136106386
167,2016,1201869.18,169683.79647218468,48.0,-2,0.1411832496380219,10.100225980487183
168,2013,1144548.64,162596.17438707178,48.5,-2,0.14206139320306369,9.678343713516178
169,2014,1239981.61,174294.66755012126,48.5,-2,0.14056230039582704,10.374682592269123
170,2015,1221509.05,172030.23926224528,48.5,-2,0.14083419133263506,10.239895194181267
171,2016,1226249.8699999999,172672.4631276962,48.5,-2,0.1408134405165696,10.278122805220011
172,2013,1022889.8,147682.82622275778,51.0,-2,0.14437804172331933,8.790644418021296
173,2014,1135819.04,161526.0707749118,51.0,-2,0.14221109621028344,9.614647069935225
174,2015,1071384.11,153627.42119849627,51.0,-2,0.1433915434852737,9.14448935705335
175,2016,1016154.25,146918.23820776917,51.0,-2,0.1445826145073636,8.745133226652927
176,2013,1002754.3,145214.54917883276,51.5,-2,0.14481568334220332,8.643723165406712
177,2014,1098659.64,156970.94703892176,51.5,-2,0.1428749553764638,9.34350875231677
178,2015,1051951.7,151245.3312821228,51.5,-2,0.14377592743290665,9.002698290602547
179,2016,1020365.64,147434.48450212568,51.5,-2,0.14449181619064091,8.775862172745576
180,2013,966337.32,140750.47118478947,52.0,-2,0.14565356037867758,8.378004237189849
181,2014,1068402.84,153262.00454588147,52.0,-2,0.14344964165939644,9.122738365826278
182,2015,1036306.93,149327.58037678298,52.0,-2,0.1440959006003974,8.888546450998987
183,2016,1023497.95,147818.49106890045,52.0,-2,0.14442480424010665,8.798719706482169
184,2013,935200.75,136933.64612668,52.5,-2,0.14642165987001185,8.150812269445238
185,2014,1025553.57,148009.39748422697,52.5,-2,0.14432146873051885,8.810083183584938
186,2015,1010587.52,146174.80893895947,52.5,-2,0.144643394110942,8.700881484461872
187,2016,994714.57,144290.12792417745,52.5,-2,0.14505681556888972,8.588698090724847
188,2013,1573321.51,215156.58918078628,41.0,-1,0.13675309707091354,12.80693983218966
189,2014,1640738.19,223420.75166106428,41.0,-1,0.1361708729782564,13.298854265539541
190,2015,1677317.59,227904.77705405426,41.0,-1,0.13587455256702713,13.565760538931801
191,2016,1623114.81,221321.49697044518,41.0,-1,0.1363560332312199,13.173898629193165
192,2013,1613505.96,220082.53367969376,41.5,-1,0.1364001987818463,13.100150814267487
193,2014,1675406.98,227670.56807971076,41.5,-1,0.1358897096630878,13.551819528554212
194,2015,1710152.35,231929.77193130026,41.5,-1,0.13561936276104306,13.805343567339301
195,2016,1601091.09,218621.7555933832,41.5,-1,0.13654548261422353,13.013199737701381
196,2013,1664207.76,226297.73017472378,42.0,-1,0.13597925428176333,13.470102986590701
197,2014,1677083.36,227876.06435598378,42.0,-1,0.13587640888404245,13.564051449760939
198,2015,1720877.24,233244.46487588176,42.0,-1,0.13553811942790397,13.883599099754868
199,2016,1629596.19,222116.00624346817,42.0,-1,0.1363012552474538,13.221190847825486
200,2013,1511274.8699999999,207550.70419334227,42.5,-1,0.13733484775892707,12.35420858293704
201,2014,1553751.98,212757.69063546078,42.5,-1,0.13693156525242903,12.66414825211076
202,2015,1647907.06,224299.53576137876,42.5,-1,0.1361117633426358,13.351162842939212
203,2016,1641595.22,223586.8875376187,42.5,-1,0.13620098597607924,13.308743305810637
204,2013,1282848.47,179549.43085290227,43.0,-1,0.13996152706398932,10.687466122196563
205,2014,1326940.81,184954.41759944128,43.0,-1,0.13938407516416748,11.009191523776266
206,2015,1413460.9,195560.34007394276,43.0,-1,0.13835567724154432,11.640496432972784
207,2016,1373230.69,190689.86442904317,43.0,-1,0.1388622216337469,11.350587168395426
208,2013,1244095.18,174798.92274118078,43.5,-1,0.14050285344018518,10.404697782213141
209,2014,1320075.93,184112.89761169328,43.5,-1,0.13947144510974704,10.959101048315075
210,2015,1356403.16,188566.01116131377,43.5,-1,0.13901914764140905,11.224167331030582
211,2016,1421921.97,196658.60464723117,43.5,-1,0.13830477958451629,11.70586932423995
212,2013,1263038.54,177121.06327023677,44.0,-1,0.14023409235812928,10.542920432752188
213,2014,1342809.57,186899.66336058726,44.0,-1,0.13918553124445432,11.124979961939719
214,2015,1374929.99,190837.09204759428,44.0,-1,0.13879767947137023,11.359350717118707
215,2016,1414724.01,195776.2545972652,44.0,-1,0.13838476848729328,11.653348487932451
216,2013,1307459.55,182566.33948642027,44.5,-1,0.1396344074173616,10.867044017048826
217,2014,1404971.74,194519.71040245678,44.5,-1,0.1384509772434688,11.578554190622427
218,2015,1408800.01,194988.99256376128,44.5,-1,0.13840785858864474,11.606487652604837
219,2016,1408794.43,195049.3868167722,44.5,-1,0.13845127625665882,11.610082548617392
220,2013,1286345.96,179978.16489369379,45.0,-1,0.13991427694435624,10.712986005577012
221,2014,1380835.8699999999,191561.05460269228,45.0,-1,0.13872833025600087,11.40244372635073
222,2015,1380296.78,191494.97114454076,45.0,-1,0.1387346358545738,11.398510187175045
223,2016,1397364.05,193648.21254459917,45.0,-1,0.1385810752356189,11.526679318130903
224,2013,1309217.11,182781.78707904628,46.0,-1,0.13961151720591725,10.879868278514659
225,2014,1427385.56,197267.27154435377,46.0,-1,0.1382018125112277,11.742099496687725
226,2015,1404426.16,194452.83137836377,46.0,-1,0.13845714136965648,11.574573296331177
227,2016,1294533.8,181042.93601826168,46.0,-1,0.13985184165779346,10.776365239182242
228,2013,1273812.05,178441.71621729527,46.5,-1,0.14008480781548208,10.621530727219957
229,2014,1381107.3,191594.32740138276,46.5,-1,0.1387251572715478,11.404424250082307
230,2015,1363790.81,189471.61404694128,46.5,-1,0.13893011498364713,11.278072264698885
231,2016,1278287.41,179051.39910665518,46.5,-1,0.14007131550067853,10.657821375396141
232,2013,1203199.72,169785.82025458978,47.0,-1,0.14111191802354292,10.106298824677964
233,2014,1312427.96,183175.38382839377,47.0,-1,0.13956985785977447,10.90329665645201
234,2015,1310703.91,182964.04400382628,47.0,-1,0.13959220126521654,10.89071690498966
235,2016,1235688.01,173829.42194666518,47.0,-1,0.14067419974938916,10.346989401587214
236,2013,1196880.51,169011.19032343628,47.5,-1,0.141209743922922,10.060189900204541
237,2014,1311209.69,183026.04421058926,47.5,-1,0.1395856403490957,10.894407393487455
238,2015,1297399.27,181333.11666208226,47.5,-1,0.13976662455042252,10.793637896552516
239,2016,1215649.11,171372.98645435018,47.5,-1,0.1409724114011404,10.20077300323513
240,2013,1169294.88,165629.65138617577,48.0,-1,0.14164917183779663,9.858907820605701
241,2014,1265409.8699999999,177411.74884559226,48.0,-1,0.14020101553782907,10.560223145570967
242,2015,1262883.19,177102.01994681428,48.0,-1,0.1402362636142257,10.541786901596089
243,2016,1159984.24,164549.4002124357,48.0,-1,0.14185485848707366,9.794607155502124
244,2013,1102692.53,157465.3122053033,48.5,-1,0.1428007426560723,9.372935250315672
245,2014,1201541.39,169582.53660778428,48.5,-1,0.14113749057598782,10.094198607606208
246,2015,1197766.9,169119.84697904278,48.5,-1,0.14119595973059765,10.066657558276356
247,2016,1167390.64,165457.30153587568,48.5,-1,0.14173259221598325,9.848648900944982
248,2013,1074509.46,154010.53707141877,49.0,-1,0.14333102015818341,9.167293873298737
249,2014,1183102.71,167322.26144380626,49.0,-1,0.14142665723739764,9.959658419274183
250,2015,1164954.44,165097.58571050176,49.0,-1,0.14172020814007263,9.827237244672723
251,2016,1153340.5,163734.98830670668,49.0,-1,0.1419658707092196,9.746130256351588
252,2013,1053279.24,151408.06558258177,51.0,-1,0.1437492165729781,9.012384856106058
253,2014,1158522.48,164309.13450663578,51.0,-1,0.14182645338624397,9.780305625394986
254,2015,1106157.47,157890.05615805226,51.0,-1,0.14273741346975877,9.398217628455491
255,2016,1038467.68,149653.49320715968,51.0,-1,0.14410991895978859,8.907946024235695
256,2013,995193.11,144287.67317864628,51.5,-1,0.14498459819385837,8.58855197491942
257,2014,1101433.2,157310.93931514779,51.5,-1,0.14282385832853758,9.363746387806415
258,2015,1058487.86,152046.55567105877,51.5,-1,0.1436450633180231,9.050390218515403
259,2016,1021372.33,147557.8879347372,51.5,-1,0.1444702226608559,8.783207615162928
260,2013,977377.48,142103.81098212546,52.0,-1,0.14539296626941461,8.458560177507469
261,2014,1091289.67,156067.54883816198,52.0,-1,0.1430120279963449,9.289735049890593
262,2015,1047313.93,150676.855310233,52.0,-1,0.1438698092273374,8.968860435132916
263,2016,1026611.8,148200.19723329795,52.0,-1,0.14435855620722257,8.82144031150583
264,2013,974165.63,141710.09164942798,52.5,-1,0.14546817018110975,8.435124502942141
265,2014,1059435.16,152162.71628975347,52.5,-1,0.1436262661791907,9.057304541056755
266,2015,1056275.64,151775.41174376148,52.5,-1,0.143689209517093,9.034250699033421
267,2016,999614.29,144890.75201583945,52.5,-1,0.14494665939183346,8.624449524752348
268,2013,1622074.42,221132.88421083477,41.0,0,0.1363272125398752,13.162671679216356
269,2014,1677772.13,227960.49608996327,41.0,0,0.13587095173047326,13.569077148212099
270,2015,1696384.16,230242.02107766375,41.0,0,0.13572516562384299,13.704882207003795
271,2016,1729537.05,234367.09166414916,41.0,0,0.13550856957019172,13.950422122866021
272,2013,1728954.18,234234.56323883077,41.5,0,0.13547760024434585,13.94253352612088
273,2014,1713992.05,232400.45522029526,41.5,0,0.13559015937109817,13.83336042977948
274,2015,1716859.61,232751.97033142127,41.5,0,0.13556843493535342,13.854283948298885
275,2016,1744641.3599999999,236218.62858338768,41.5,0,0.1353966689081518,14.060632653773077
276,2013,1749453.97,236747.49617132728,42.0,0,0.13532650771676336,14.092112867340909
277,2014,1739426.77,235518.32840420728,42.0,0,0.13539996765957976,14.018948119298052
278,2015,1750070.15,236823.02957993027,42.0,0,0.13532202099437574,14.096608903567278
279,2016,1705691.98,231444.08310256468,42.0,0,0.13568926032152925,13.776433518009803
280,2013,1497562.32,205869.77387729977,42.5,0,0.1374699210362743,12.25415320698213
281,2014,1474014.22,202983.16889316478,42.5,0,0.13770774130874042,12.082331481735999
282,2015,1540849.95,211176.11657626028,42.5,0,0.137051707452929,12.570006939063111
283,2016,1553147.21,212744.63417098517,42.5,0,0.13697647769716895,12.66337108160626
284,2013,1120470.78,159644.62964744077,43.0,0,0.14247995797573657,9.502656526633379
285,2014,1199919.31,169383.69660741626,43.0,0,0.14116257251282693,10.082362893298587
286,2015,1280988.26,179321.40007939877,43.0,0,0.13998676309445549,10.673892861868975
287,2016,1300981.99,181833.3767498982,43.0,0,0.13976625206771556,10.823415282732036
288,2013,1313208.54,183271.06993973677,43.5,0,0.1395597609651067,10.908992258317666
289,2014,1388210.1199999999,192465.01487142977,43.5,0,0.13864256721556661,11.456250885204152
290,2015,1404024.2,194403.55777499778,43.5,0,0.13846168589900215,11.571640343749868
291,2016,1340136.58,186633.07755997468,43.5,0,0.13926422153178944,11.109111759522303
292,2013,1279650.06,179157.35904042877,44.0,0,0.1400049627946165,10.664128514311237
293,2014,1372538.04,190543.87880356176,44.0,0,0.13882593651361513,11.341897547831056
294,2015,1410245.66,195166.20518368878,44.0,0,0.1383916368043911,11.617036022838619
295,2016,1382949.3,191881.20420018668,44.0,0,0.13874782264265703,11.421500250011112
296,2013,1308349.39,182675.41905458426,44.5,0,0.13962281058164766,10.873536848487158
297,2014,1400862.48,194015.98354563577,44.5,0,0.1384975230014268,11.548570449144986
298,2015,1419344.42,196281.56166533477,44.5,0,0.1382902971960356,11.68342628960326
299,2016,1369565.65,190240.5915479592,44.5,0,0.13890578487271435,11.323844734997571
300,2013,1286586.66,180007.67070603877,45.0,0,0.13991103460223875,10.71474230393088
301,2014,1369679.17,190193.42894174726,45.0,0,0.1388598389371339,11.321037437008766
302,2015,1390929.84,192798.40726009177,45.0,0,0.13861116622538758,11.476095670243557
303,2016,1339465.61,186550.8278096252,45.0,0,0.1392725773748123,11.104215941049118
304,2013,1259722.93,176714.62468914327,45.5,0,0.14028054938171466,10.518727660068052
305,2014,1368368.84,190032.80430074176,45.5,0,0.13887542506502978,11.311476446472724
306,2015,1376262.44,191000.42823230178,45.5,0,0.13878198131477146,11.369073109065582
307,2016,1275196.6,178672.5172626417,45.5,0,0.1401137026734871,10.635268884681054
308,2013,1254964.5,176131.32039900278,46.0,0,0.14034765158616264,10.48400716660731
309,2014,1361387.68,189177.03032105576,46.0,0,0.13895897039486635,11.260537519110462
310,2015,1355976.73,188513.73794337327,46.0,0,0.1390243164006017,11.221055829962694
311,2016,1277554.86,178961.60067361267,46.0,0,0.14008134310068895,10.652476230572184
312,2013,1223255.18,172244.28572718077,46.5,0,0.14080813925282604,10.252636055189331
313,2014,1343900.3699999999,187033.37727876726,46.5,0,0.1391720557966416,11.132939123736147
314,2015,1347578.26,187484.22535589876,46.5,0,0.13912678092320868,11.159775318803497
315,2016,1252042.14,175834.1659884007,46.5,0,0.14043789771197374,10.46631940407147
316,2013,1198374.58,169194.33842917078,47.0,0,0.14118652152081762,10.071091573164928
317,2014,1323886.36,184579.99288603378,47.0,0,0.13942283753571852,10.986904338454393
318,2015,1330512.4,185392.23506646778,47.0,0,0.13933897577088933,11.035252087289749
319,2016,1239150.81,174253.90357104517,47.0,0,0.14062364497106303,10.372256164943165
320,2013,1171632.63,165916.22061263828,47.5,0,0.14161112994321293,9.875965512657041
321,2014,1287314.94,180096.94570817676,47.5,0,0.13990123171271265,10.720056292153378
322,2015,1285565.83,179882.53394485827,47.5,0,0.1399247940067435,10.707293687193944
323,2016,1196642.81,169043.1305292452,47.5,0,0.14126448520527624,10.06209110293126
324,2013,1158642.44,164323.83960530176,48.0,0,0.1418244610522827,9.781180928887009
325,2014,1261481.1199999999,176930.14950927978,48.0,0,0.1402558839004105,10.531556518409511
326,2015,1267741.78,177697.60218529077,48.0,0,0.14016860924571783,10.577238225314927
327,2016,1121608.74,159845.20286451068,48.0,0,0.14251422725585278,9.514595408601826
328,2013,1125764.56,160293.55893400378,48.5,0,0.14238639643621734,9.541283269881177
329,2014,1205337.35,170047.85810105028,48.5,0,0.1410790581583241,10.121896315538708
330,2015,1222958.01,172207.85763306127,48.5,0,0.14081256774552814,10.250467716253647
331,2016,1147999.74,163080.30005436068,48.5,0,0.1420560426732855,9.707160717521468
332,2013,1065922.31,152957.89545746628,49.0,0,0.14349816494362172,9.104636634372993
333,2014,1150923.73,163377.65427582327,49.0,0,0.1419535022323532,9.724860373560908
334,2015,1178415.47,166747.68386235228,49.0,0,0.14150160797053377,9.925457372759064
335,2016,1171540.8699999999,165966.0506325462,49.0,0,0.14166475526589714,9.878931585270607
336,2013,1068320.27,153251.84542743227,51.0,0,0.14345121938707786,9.122133656394778
337,2014,1177332.26,166614.90035179877,51.0,0,0.1415190138014215,9.917553592368975
338,2015,1143857.14,162511.40800054677,51.0,0,0.14207316833336966,9.67329809527064
339,2016,1052052.38,151318.75124190468,51.0,0,0.14383195563124404,9.00706852630385
340,2013,985694.23,143123.26864699827,51.5,0,0.145200473220786,8.519242181368945
341,2014,1107148.49,158011.5387095693,51.5,0,0.14271937336027013,9.405448732712458
342,2015,1063845.08,152703.26164534577,51.5,0,0.14353900254475563,9.08947985984201
343,2016,1050661.7,151148.27702872668,51.5,0,0.14386008077455062,8.99692125170992
344,2013,995371.82,144309.61746036448,52.0,0,0.14498061383771593,8.589858182164551
345,2014,1084748.2,155265.67353163747,52.0,0,0.14313522118002822,9.242004376883182
346,2015,1054110.77,151510.03472684696,52.0,0,0.14373255547597427,9.018454448026604
347,2016,1040590.23,149913.72001043844,52.0,0,0.14406604606545118,8.92343571490705
348,2013,994146.44,144159.4062749415,52.5,0,0.14500822059468574,8.58091704017509
349,2014,1069001.74,153335.41971419647,52.5,0,0.14343795148003827,9.127108316321218
350,2015,1057583.25,151935.702958055,52.5,0,0.14366311395160145,9.043791842741369
351,2016,1043023.48,150211.99594682595,52.5,0,0.14401592948494885,8.941190234930115
352,2013,1685581.3699999999,228917.77889011728,41.5,1,0.13580939073271633,13.626058267268885
353,2014,1681691.92,228440.99707945978,41.5,1,0.135839980178688,13.597678397586892
354,2015,1700320.96,230724.60720994376,41.5,1,0.13569473801578247,13.733607572020462
355,2016,1741214.55,235798.55873377417,41.5,1,0.1354218862539221,14.035628496057987
356,2013,1668153.28,226781.38523381576,42.0,1,0.13594757025794163,13.49889197820332
357,2014,1671119.85,227145.03732242525,42.0,1,0.1359238461097959,13.520537935858647
358,2015,1718937.23,233006.65195104826,42.0,1,0.1355527403121336,13.869443568514777
359,2016,1724983.26,233808.8728307527,42.0,1,0.1355426909074774,13.917194811354326
360,2013,1308702.83,182718.74491380827,42.5,1,0.13961820875240888,10.876115768679064
361,2014,1354781.82,188367.26187262477,42.5,1,0.139038817241159,11.212337016227664
362,2015,1482653.95,204042.25593966027,42.5,1,0.13761960836489207,12.145372377360731
363,2016,1548959.39,212231.27716618817,42.5,1,0.1370153914533474,12.63281411703501
364,2013,1135563.6199999999,161494.7605356548,43.0,1,0.14221551103905108,9.612783365217547
365,2014,1220346.25,171887.69934286526,43.0,1,0.14085158154324257,10.231410675170551
366,2015,1227106.72,172716.42040303978,43.0,1,0.14075093680771286,10.28073930970475
367,2016,1347699.82,187560.2048560287,43.0,1,0.13917060911682,11.164297908096946
368,2013,1322685.56,184432.79479935378,43.5,1,0.13943812526338745,10.978142547580582
369,2014,1436874.28,198430.43062916576,43.5,1,0.1380986725081931,11.811335156497961
370,2015,1431712.32,197797.66027979978,43.5,1,0.13815461214987643,11.773670254749987
371,2016,1394432.56,193288.8606799077,43.5,1,0.13861470696001799,11.505289326184982
372,2013,1331574.95,185522.48600501026,44.0,1,0.1393256053705503,11.043005119345848
373,2014,1429735.19,197555.29706101428,44.0,1,0.13817614509510273,11.759243872679422
374,2015,1467364.47,202168.02026150227,44.0,1,0.13777628148615476,12.033810729851325
375,2016,1391710.66,192955.20105954268,44.0,1,0.13864606099916105,11.485428634496587
376,2013,1294475.44,180974.70378585177,44.5,1,0.13980543639039747,10.77230379677689
377,2014,1384451.52,192004.27309211978,44.5,1,0.13868616583419244,11.428825779292843
378,2015,1434943.67,198193.76998782228,44.5,1,0.13811954722084824,11.79724821356085
379,2016,1367281.52,189960.5952407237,44.5,1,0.13893305252946275,11.307178288138315
380,2013,1253577.89,175961.34510005926,45.0,1,0.14036730106978776,10.473889589289241
381,2014,1349163.01,187678.48931981128,45.0,1,0.1391073487256453,11.171338649988767
382,2015,1394941.26,193290.14056194876,45.0,1,0.1385650751788278,11.505365509639807
383,2016,1330883.24,185498.77214408567,45.0,1,0.13938019998214543,11.041593580005099
384,2013,1219869.02,171829.19889074477,45.5,1,0.14085872833359173,10.227928505401474
385,2014,1322213.38,184374.91339315078,45.5,1,0.1394441443280137,10.974697225782785
386,2015,1378334.33,191254.40744933326,45.5,1,0.13875763179266765,11.38419091960317
387,2016,1265676.15,177505.4686081342,45.5,1,0.14024556645721278,10.56580170286513
388,2013,1183679.86,167393.01042425877,46.0,1,0.14141746943659136,9.963869668110641
389,2014,1298179.02,181428.70102924478,46.0,1,0.139756303432823,10.799327442216951
390,2015,1328146.61,185102.22860287127,46.0,1,0.1393688220932712,11.017989797789957
391,2016,1240082.18,174368.07402573468,46.0,1,0.14061009571618446,10.37905202534135
392,2013,1182718.77,167275.19679240728,46.5,1,0.1414327742447237,9.956856951929005
393,2014,1317308.46,183773.65186806876,46.5,1,0.1395069244966883,10.938907849289807
394,2015,1338691.63,186394.87248028826,46.5,1,0.1392366010985579,11.094932885731444
395,2016,1240717.0,174445.89238798167,46.5,1,0.1406008722278986,10.383684070713194
396,2013,1180822.85,167042.78856747528,47.0,1,0.14146303873394325,9.943023129016385
397,2014,1302676.42,181980.00738753477,47.0,1,0.1396970150020331,10.832143296877069
398,2015,1313252.23,183276.42560629826,47.0,1,0.13955919618449705,10.909311047993944
399,2016,1233469.3699999999,173557.4536230212,47.0,1,0.1407067397409481,10.330800810894118
400,2013,1139276.9,161949.94683754278,47.5,1,0.1421515233369015,9.639877787948976
401,2014,1271773.8699999999,178191.86928499228,47.5,1,0.1401128561361245,10.606658886011445
402,2015,1290692.07,180510.92561696228,47.5,1,0.13985591901634778,10.744697953390611
403,2016,1215500.05,171354.7141801992,47.5,1,0.14097466650058896,10.199685367869
404,2013,1134997.24,161425.33177788177,48.0,1,0.14222530777068831,9.608650701064391
405,2014,1265917.02,177473.91699154477,48.0,1,0.14019395757199377,10.563923630449093
406,2015,1283328.97,179608.33215257726,48.0,1,0.1399550203815451,10.690972151939123
407,2016,1155436.67,163991.94384747618,48.0,1,0.141930707329443,9.761425229016439
408,2013,1114851.43,158955.79089961827,48.5,1,0.1425802457818243,9.461654220215372
409,2014,1205348.82,170049.26413207478,48.5,1,0.1410788821546901,10.121980007861595
410,2015,1241369.98,174464.85859576077,48.5,1,0.14054219242176355,10.384813011652428
411,2016,1149331.69,163243.57494739318,48.5,1,0.14203347594756843,9.716879461154356
412,2013,1089660.45,155867.79618143526,49.0,1,0.14304253786712665,9.277845010799718
413,2014,1176549.26,166518.91758874877,49.0,1,0.14153161558977034,9.911840332663617
414,2015,1228435.19,172879.26870601426,49.0,1,0.14073128978502664,10.290432661072277
415,2016,1138058.59,161861.6805845082,49.0,1,0.14222614020646177,9.634623844315964
416,2013,1055756.1,151711.68737886279,49.5,1,0.14369956032350917,9.030457582075165
417,2014,1134643.08,161381.91765864578,49.5,1,0.1422314386817093,9.606066527300344
418,2015,1170365.23,165760.85847484827,49.5,1,0.1416317353129572,9.866717766360017
419,2016,1172817.64,166122.56137632567,49.5,1,0.14164398258566924,9.888247700971766
420,2013,1035550.22,149234.82033000447,52.0,1,0.14411162051610057,8.883025019643123
421,2014,1128928.48,160681.44025797548,52.0,1,0.1423309298193766,9.564371443927111
422,2015,1088533.23,155729.65518888796,52.0,1,0.143063758548637,9.269622332671902
423,2016,1059865.61,152276.56066336142,52.0,1,0.14367534829567818,9.064080991866751
424,2013,1004492.1,145427.61193570247,52.5,1,0.1447772580149734,8.656405472363243
425,2014,1072332.66,153743.73504637848,52.5,1,0.1433731721333364,9.151412800379672
426,2015,1059088.33,152120.20070647297,52.5,1,0.14363315730848716,9.054773851575773
427,2016,1023709.09,147844.37331741943,52.5,1,0.1444202994401656,8.80026031651306
428,2013,1645976.06,224062.82731252877,41.5,2,0.1361276343913099,13.33707305431719
429,2014,1664368.15,226317.39131823028,41.5,2,0.13597796335998757,13.471273292751802
430,2015,1726368.6099999999,233917.61540657128,41.5,2,0.1354969118713131,13.92366758372448
431,2016,1693486.02,229947.8356357987,41.5,2,0.13578372240462824,13.687371168797542
432,2013,1593606.6199999999,217643.20591970478,42.0,2,0.13657272954834035,12.95495273331576
433,2014,1593890.05,217677.94971859528,42.0,2,0.1365702419176249,12.957020816583052
434,2015,1682972.42,228597.96505913476,42.0,2,0.1358298937894269,13.607021729710402
435,2016,1649561.33,224563.39998788718,42.0,2,0.1361352232886589,13.366869046898046
436,2013,1422406.04,196656.86530136177,42.5,2,0.13825648919584296,11.705765791747725
437,2014,1485010.88,204331.17631477577,42.5,2,0.1375957436182392,12.162570018736654
438,2015,1563841.78,213994.53212029077,42.5,2,0.1368389915508529,12.737769769064926
439,2016,1604859.51,219083.7011411902,42.5,2,0.13651269770099078,13.040696496499416
440,2013,1292797.09,180768.96602037927,43.0,2,0.13982779464670614,10.760057501213051
441,2014,1394167.32,193195.26840404977,43.0,2,0.138573947066877,11.499718357383914
442,2015,1426071.79,197106.22521662427,43.0,2,0.13821620103474894,11.732513405751444
443,2016,1412131.0,195458.3947448817,43.0,2,0.13841378366800366,11.63442825862391
444,2013,1239572.14,174244.47334579678,43.5,2,0.14056823941347762,10.371694842011713
445,2014,1382905.09,191814.70652217927,43.5,2,0.1387041727658832,11.417542054891623
446,2015,1408598.92,194964.34227790977,43.5,2,0.13841011767772035,11.605020373685106
447,2016,1399370.24,193894.1380355357,43.5,2,0.13855814029283323,11.541317740210458
448,2013,1318577.04,183929.15865421176,44.0,2,0.13949064262048105,10.948164205607842
449,2014,1425497.54,197035.83172788678,44.0,2,0.13822249860065475,11.728323317136118
450,2015,1466880.27,202108.66540343227,44.0,2,0.1377812964949295,12.030277702585254
451,2016,1372746.38,190630.4960868047,44.0,2,0.1388679648798671,11.34705333850028
452,2013,1276195.42,178733.87769618476,44.5,2,0.14005212281374962,10.63892129143957
453,2014,1378530.49,191278.45339926926,44.5,2,0.13875533024972792,11.38562222614698
454,2015,1464468.0,201812.96126572776,44.5,2,0.13780633053486163,12.012676265817129
455,2016,1343216.35,187010.6060838042,44.5,2,0.1392259750886774,11.131583695464535
456,2013,1204830.43,169985.71814926827,45.0,2,0.14108684003712313,10.118197508885016
457,2014,1321450.18,184281.35778043076,45.0,2,0.13945388223446362,10.969128439311355
458,2015,1431835.93,197812.81280769326,45.0,2,0.13815326788711976,11.774572190934123
459,2016,1331037.06,185517.62791498267,45.0,2,0.13937825887055516,11.042715947320398
460,2013,1183953.95,167426.60929466027,45.5,2,0.14141310926380227,9.965869600872635
461,2014,1280818.6,179300.60258823776,45.5,2,0.13998906838816813,10.672654915966532
462,2015,1384875.17,192056.20552834726,45.5,2,0.13868123978881597,11.431916995734955
463,2016,1248007.46,175339.58139782268,45.5,2,0.1404956196318111,10.436879845108493
464,2013,1118719.7,159429.97639492276,46.0,2,0.14251110121232582,9.489879547316832
465,2014,1271001.49,178097.18835711927,46.0,2,0.1401235087121096,10.601023116495195
466,2015,1307502.99,182571.66450714428,46.0,2,0.13963384091928102,10.867360982568112
467,2016,1240625.8,174434.7127864617,46.0,2,0.14060219671915714,10.383018618241767
468,2013,1141368.64,162206.35933407178,46.5,2,0.14211566153952837,9.655140436551891
469,2014,1303747.06,182111.25002537877,46.5,2,0.13968296122207843,10.839955358653498
470,2015,1320885.52,184212.13986601977,46.5,2,0.13946109414994554,10.965008325358319
471,2016,1239821.33,174336.09815888718,46.5,2,0.14061388842123498,10.37714869993376
472,2013,1182771.58,167281.67041912078,47.0,2,0.14143193262990034,9.957242286852427
473,2014,1299505.09,181591.25513217927,47.0,2,0.13973877942423393,10.809003281677338
474,2015,1346842.54,187394.03833363677,47.0,2,0.13913581786155696,11.154407043668854
475,2016,1213930.1199999999,171162.26690153367,47.0,2,0.1409984512959722,10.188230172710337
476,2013,1090180.86,155931.58978260876,47.5,2,0.14303277144547258,9.281642248964808
477,2014,1243704.97,174751.08949217727,47.5,2,0.14050847564931518,10.401850565010552
478,2015,1260684.3,176832.47264433277,47.5,2,0.14026705388837854,10.525742419305521
479,2016,1213509.28,171110.67892451969,47.5,2,0.14100483757694846,10.185159459792839
480,2013,1119053.47,159470.89103965228,48.0,2,0.1425051575414464,9.492314942836446
481,2014,1247018.59,175157.28413240428,48.0,2,0.14046084439880263,10.426028817405017
482,2015,1263609.79,177191.08900892426,48.0,2,0.14022611284843262,10.547088631483588
483,2016,1132416.51,161170.0555171402,48.0,2,0.1423240071951443,9.59345568554406
484,2013,1133179.3,161202.48260258278,48.5,2,0.14225681902465281,9.595385869201356
485,2014,1226830.7,172682.58494677278,48.5,2,0.14075502426436898,10.27872529445076
486,2015,1274756.21,178557.45451303126,48.5,2,0.14007184519856644,10.628419911489956
487,2016,1140663.23,162180.96608125218,48.5,2,0.14218128700550134,9.653628933407868
488,2013,1101048.5,157263.78150040278,49.0,2,0.14283093024549126,9.360939375023975
489,2014,1187054.82,167806.72432717477,49.0,2,0.1413639214465047,9.988495495665164
490,2015,1235845.61,173787.66281452126,49.0,2,0.14062247048360776,10.344503738959599
491,2016,1097858.2,156933.7821070017,49.0,2,0.1429454023361138,9.341296553988196
492,2013,1067567.57,153159.57693988728,49.5,2,0.14346593250288342,9.1166414845171
493,2014,1147824.82,162997.77950667476,49.5,2,0.14200579798115426,9.702248780159213
494,2015,1194443.49,168712.45224781928,49.5,2,0.14124774730683934,10.042407871894005
495,2016,1118065.98,159410.91947546467,49.5,2,0.14257738123421362,9.488745206872897
496,2013,1045292.74,150429.05365780677,50.0,2,0.1439109331782088,8.954110336774212
497,2014,1127216.93,160471.59531404328,50.0,2,0.14236088107197192,9.551880673454958
498,2015,1175800.04,166427.07569126177,50.0,2,0.14154368942806106,9.906373553051296
499,2016,1154987.14,163936.83895415068,50.0,2,0.14193823747176154,9.758145175842301
500,2013,1024060.55,147826.34067977028,50.5,2,0.14435312509574777,8.799186945224422
501,2014,1114465.54,158908.48721068678,50.5,2,0.14258716982015143,9.458838524445643
502,2015,1137710.56,161757.9396331038,50.5,2,0.1421784637677124,9.62844878768475
503,2016,1133295.25,161277.7744101192,50.5,2,0.14230870058805875,9.599867524411856
504,2013,1525766.11,209327.08893819628,42.0,3,0.137194742736943,12.45994577013073
505,2014,1557677.96,213238.95041589378,42.0,3,0.13689540193269076,12.692794667612725
506,2015,1649018.02,224435.72095989477,42.0,3,0.13610264911471057,13.35926910475564
507,2016,1600314.47,218526.5549121062,42.0,3,0.1365522583271438,13.007533030482511
508,2013,1432661.6,197914.02620228776,42.5,3,0.1381442946487068,11.780596797755223
509,2014,1464525.88,201820.05639002577,42.5,3,0.1378057289025345,12.013098594644392
510,2015,1579640.74,215931.22156360676,42.5,3,0.136696412099125,12.85304890259564
511,2016,1502699.19,206560.5468785182,42.5,3,0.1374596780600635,12.295270647530845
512,2013,1473977.6,202978.67989088778,43.0,3,0.13770811706425373,12.08206427921951
513,2014,1531765.13,210062.46890651327,43.0,3,0.13713751853491618,12.503718387292457
514,2015,1577327.9,215647.70588839278,43.0,3,0.13671710611876756,12.836172969547189
515,2016,1401555.67,194162.0353661262,43.0,3,0.13853323098191755,11.557264009888463
516,2013,1464750.58,201847.60086877077,43.5,3,0.13780339371415082,12.014738146950641
517,2014,1509049.43,207277.90230291826,43.5,3,0.1373566022306627,12.337970375173706
518,2015,1584690.59,216550.24909360427,43.5,3,0.13665143874780267,12.889895779381206
519,2016,1360403.68,189117.4865727597,43.5,3,0.1390157122867822,11.256993248378553
520,2013,1267415.64,177657.62285152177,44.0,3,0.14017313440405532,10.574858503066771
521,2014,1359418.55,188935.64776907026,44.0,3,0.13898269062833538,11.246169510063705
522,2015,1419911.32,196351.05416644976,44.0,3,0.13828402619288208,11.687562748002962
523,2016,1347054.59,187481.1104011082,44.0,3,0.1391785543012835,11.159589904827868
524,2013,1267810.67,177706.04695227227,44.5,3,0.1401676537020092,10.577740890016207
525,2014,1354039.54,188276.27070358678,44.5,3,0.13904783807390644,11.206920875213498
526,2015,1464790.8,201852.53117110778,44.5,3,0.13780297580453657,12.015031617327844
527,2016,1319619.4,184118.01290302168,44.5,3,0.1395235724050599,10.959405529941767
528,2013,1204371.99,169929.52103829428,45.0,3,0.14109388332610948,10.11485244275561
529,2014,1315571.45,183560.72336328527,45.0,3,0.1395292694769906,10.926233533528885
530,2015,1415359.69,195793.10011308928,45.0,3,0.13833451771760527,11.654351197207696
531,2016,1320963.27,184282.7489895862,45.0,3,0.1395063384234644,10.96921124938013
532,2013,1116289.41,159132.06330525127,45.5,3,0.1425544862109292,9.472146625312575
533,2014,1235097.76,173695.98885622376,45.5,3,0.1406333931463237,10.339046955727605
534,2015,1317416.45,183786.88964403528,45.5,3,0.13950553725364162,10.939695812144958
535,2016,1171731.51,165989.4199223902,45.5,3,0.1416616507329313,9.880322614427987
536,2013,1179855.18,166924.16833718077,46.0,3,0.1414785230990644,9.935962401022666
537,2014,1297421.79,181335.87723912427,46.0,3,0.13976632629171756,10.793802216614539
538,2015,1364152.81,189515.98921964128,46.0,3,0.13892577710530923,11.280713644026267
539,2016,1221723.0,172117.5442380817,46.0,3,0.14088098876593277,10.245091918933435
540,2013,1155141.34,163894.66303861677,46.5,3,0.14188277863782173,9.755634704679569
541,2014,1311327.49,183040.48452921928,46.5,3,0.13958411298860154,10.895266936263052
542,2015,1355146.27,188411.93737453228,46.5,3,0.13903439174468765,11.214996272293588
543,2016,1211010.23,170804.33700370218,46.5,3,0.14104285230001912,10.166924821648939
544,2013,1146001.07,162774.21812211227,47.0,3,0.14203670693092132,9.688941554887636
545,2014,1288248.34,180211.36500706678,47.0,3,0.13988868404601768,10.726866964706355
546,2015,1326835.2,184941.47157184777,47.0,3,0.13938541242487973,11.0084209268957
547,2016,1198252.68,169240.4737869097,47.0,3,0.14123938682691675,10.073837725411291
548,2013,1140219.85,162065.53680742526,47.5,3,0.1421353406603343,9.646758143299122
549,2014,1265210.38,177387.29469310076,47.5,3,0.14020379337474356,10.558767541255998
550,2015,1309137.47,182772.02454105226,47.5,3,0.13961255309654552,10.879287175062634
551,2016,1193939.18,168711.71050668467,47.5,3,0.1413067879275766,10.042363720635992
552,2013,1131347.57,160977.94300288727,48.0,3,0.1422886717323194,9.582020416838528
553,2014,1260134.73,176765.10451267328,48.0,3,0.14027476610590145,10.521732411468648
554,2015,1277383.81,178879.55452349127,48.0,3,0.14003587106955057,10.647592531160194
555,2016,1148876.86,163187.8203623127,48.0,3,0.14204117607722788,9.713560735851946
556,2013,1141728.25,162250.44153256528,48.5,3,0.1421095094498759,9.65776437693841
557,2014,1233776.63,173534.04031503826,48.5,3,0.14065272116155927,10.32940716160942
558,2015,1270496.24,178035.2531195318,48.5,3,0.1401304840693836,10.597336495210225
559,2016,1116807.9,159256.69981449668,48.5,3,0.14259990443700898,9.479565465148612
560,2013,1108991.2,158237.42427444778,49.0,3,0.14268591515825174,9.418894302050463
561,2014,1205481.94,170065.58242762677,49.0,3,0.1410768397141037,10.122951334977783
562,2015,1252893.89,175877.49808865928,49.0,3,0.14037700997062033,10.468898695753529
563,2016,1089538.41,155913.9143775052,49.0,3,0.14310088836382115,9.280590141518166
564,2013,1074660.09,154029.0018014293,49.5,3,0.14332811205581225,9.16839296437079
565,2014,1159280.23,164402.02204009827,49.5,3,0.14181387535617532,9.785834645243945
566,2015,1203945.21,169877.20491618128,49.5,3,0.14110044502455496,10.111738387867932
567,2016,1122723.31,159981.8305889202,49.5,3,0.14249444111828424,9.522728011245249
568,2013,1067692.34,153174.87166446677,50.0,3,0.1434634921745966,9.11755188478969
569,2014,1147169.95,162917.50334826027,50.0,3,0.1420168854216067,9.697470437396445
570,2015,1180245.63,166972.03100618828,50.0,3,0.14147227217963798,9.93881136941597
571,2016,1110674.59,158504.85812810817,50.0,3,0.14271043882268716,9.434812983815963
572,2013,1038102.45,149547.6438221353,50.5,3,0.14405865608171456,8.901645465603291
573,2014,1102608.45,157455.00539723528,50.5,3,0.14280228434421602,9.372321749835432
574,2015,1138373.46,161839.20013581877,50.5,3,0.14216705310032332,9.633285722370164
575,2016,1165769.25,165258.54611801918,50.5,3,0.1417592256083433,9.836818221310665
576,2013,1038799.53,149633.0942237533,51.0,3,0.14404424521038559,8.906731799032933
577,2014,1127103.84,160457.73236299178,51.0,3,0.14236286548628188,9.55105549779713
578,2015,1136875.44,161655.56782585176,51.0,3,0.14219285784364535,9.62235522772927
579,2016,1166673.75,165369.42275809418,51.0,3,0.1417443589161873,9.843418021315129
580,2013,1490729.88,205032.23049342577,44.0,4,0.13753815043502435,12.204299434132487
581,2014,1504155.85,206678.03087302527,44.0,4,0.13740466513029567,12.30226374244198
582,2015,1611615.1199999999,219850.74817817975,44.0,4,0.1364164095073641,13.086354058224986
583,2016,1404274.97,194495.37626978118,44.0,4,0.13850234492877217,11.577105730344117
584,2013,1277654.14,178912.69248049677,44.5,4,0.14003217841136317,10.649565028600998
585,2014,1297843.68,181387.59392865578,44.5,4,0.13976074062221097,10.796880590991416
586,2015,1423244.06,196759.59260032876,44.5,4,0.13824726069844182,11.711880511924331
587,2016,1245392.68,175019.0529059097,44.5,4,0.14053322756474665,10.41780076820891
588,2013,1123585.61,160026.4559435213,45.0,4,0.14242480013919123,9.525384282352457
589,2014,1270098.35,177986.47843040028,45.0,4,0.140135981146972,10.59443323990478
590,2015,1352748.3,188117.98617873277,45.0,4,0.13906355393588946,11.197499177305522
591,2016,1258644.31,176643.4821042702,45.0,4,0.140344242373185,10.514492982397035
592,2013,1149058.58,163149.01794057077,45.5,4,0.14198494383164587,9.711251067891117
593,2014,1305895.25,182374.58235201528,45.5,4,0.13965483246226318,10.85562990190567
594,2015,1378224.78,191240.97844334078,45.5,4,0.13875891742661947,11.38339157400838
595,2016,1230926.09,173245.6898406332,45.5,4,0.14074418541297892,10.312243442894832
596,2013,1180199.66,166966.39584958876,46.0,4,0.14147300792273468,9.938475943427903
597,2014,1303587.28,182091.66365771578,46.0,4,0.13968505711233678,10.838789503435462
598,2015,1371840.66,190458.39162693877,46.0,4,0.13883419348930712,11.336809025413022
599,2016,1221425.77,172081.1087889612,46.0,4,0.14088544143698653,10.242923142200071
600,2013,1161812.58,164712.44598647076,46.5,4,0.14177195945534585,9.80431226109945
601,2014,1304367.72,182187.33260738978,46.5,4,0.13967482467857284,10.844484083773201
602,2015,1347572.53,187483.52295330327,46.5,4,0.13912685126736982,11.159733509125195
603,2016,1210916.06,170792.7933296327,46.5,4,0.14104428785066464,10.166237698192422
604,2013,1121397.82,159758.26931622476,47.0,4,0.14246350979728564,9.509420792632426
605,2014,1243877.2,174772.20202254778,47.0,4,0.14050599369660266,10.403107263246891
606,2015,1295466.95,181096.24640321027,47.0,4,0.13979225514260343,10.779538476381564
607,2016,1181214.23,167151.8435071022,47.0,4,0.14150849123033524,9.94951449447037
608,2013,1105834.08,157850.41392849578,47.5,4,0.1427433073219228,9.395857971934273
609,2014,1265231.2,177389.84687844777,47.5,4,0.1402035034217049,10.558919457050463
610,2015,1290116.77,180440.40341570726,47.5,4,0.1398636213493351,10.740500203315909
611,2016,1174579.07,166338.4833665162,47.5,4,0.14161539875430965,9.901100200387868
612,2013,1098991.18,157011.58832278076,48.0,4,0.1428688338725164,9.345927876355997
613,2014,1237742.34,174020.17033196677,48.0,4,0.14059482713661292,10.358343472140879
614,2015,1287006.26,180059.10667969877,48.0,4,0.13990538529291907,10.717803969029688
615,2016,1122962.43,160011.14271957218,48.0,4,0.14249020131472448,9.524472780926915
616,2013,1129732.76,160779.99418347378,48.5,4,0.1423168379958051,9.570237749016297
617,2014,1252998.5,175890.32153290277,48.5,4,0.1403755244183475,10.469661996006117
618,2015,1291676.96,180631.65673254378,48.5,4,0.13984274886543133,10.751884329318083
619,2016,1130462.59,160930.53745790818,48.5,4,0.14235812744401224,9.57919865820882
620,2013,1102407.9,157430.42130639276,49.0,4,0.1428059625719235,9.370858411094806
621,2014,1222713.17,172177.84432564728,49.0,4,0.14081621802245517,10.248681209859956
622,2015,1271843.78,178200.43908699078,49.0,4,0.14011189258400178,10.60716899327326
623,2016,1114202.68,158937.3432194097,49.0,4,0.14264670698818432,9.460556144012482
624,2013,1088315.06,155702.87376817878,49.5,4,0.1430678297957016,9.268028200486832
625,2014,1202302.57,169675.84460213728,49.5,4,0.14112574391497582,10.099752654889123
626,2015,1233117.1199999999,173453.19536987977,49.5,4,0.14066238523221525,10.324594962492844
627,2016,1103365.83,157608.9258429622,49.5,4,0.14284376184004374,9.381483681128703
628,2013,1036576.5599999999,149360.59511420378,50.0,4,0.14409026875371733,8.890511613940701
629,2014,1118403.97,159391.27315382726,50.0,4,0.14251672689773023,9.487575782965909
630,2015,1150271.06,163297.64780077877,50.0,4,0.14196449296114497,9.720098083379689
631,2016,1107638.81,158132.72204584518,50.0,4,0.14276560248538525,9.412662026538403
632,2013,1032266.28,148832.22655236578,50.5,4,0.14418007197945648,8.859061104307488
633,2014,1108567.22,158185.45138571478,50.5,4,0.14269360353783037,9.415800677721117
634,2015,1145416.66,162702.57918653876,50.5,4,0.1420466323464675,9.684677332532068
635,2016,1159190.66,164452.12051754267,50.5,4,0.14186805172976694,9.788816697472779
636,2013,1024673.05,147901.42298164527,51.0,4,0.14434011217689902,8.803656129859837
637,2014,1095680.69,156605.77736843927,51.0,4,0.14293012444021377,9.3217724624071
638,2015,1125192.33,160223.41306363328,51.0,4,0.1423964675120326,9.537107920454362
639,2016,1166307.1,165324.4775728167,51.0,4,0.14175038253031014,9.84074271266766
640,2013,1029509.83,148494.33167725828,51.5,4,0.14423789588998706,8.838948314122517
641,2014,1111102.52,158496.23695296978,51.5,4,0.14264771620981453,9.434299818629153
642,2015,1136107.93,161561.48387889328,51.5,4,0.14220610525876118,9.616754992791266
643,2016,1160708.77,164638.2155270112,51.5,4,0.14184282895270206,9.799893781369715
644,2013,1634802.54,222693.13979963676,43.5,5,0.1362202066309713,13.255544035692663
645,2014,1647316.74,224227.17235820676,43.5,5,0.13611661128278632,13.346855497512307
646,2015,1700913.58,230797.25255482076,43.5,5,0.13569016984085738,13.737931699691712
647,2016,1583200.02,216428.60829769867,43.5,5,0.13670326273599887,12.882655255815397
648,2013,1608839.73,219510.53157442328,44.0,5,0.1364402727513593,13.066103069906148
649,2014,1620245.64,220908.70623202177,44.0,5,0.1363427253117137,13.149327751906057
650,2015,1683768.33,228695.53037323325,44.0,5,0.13582363220552632,13.612829188882932
651,2016,1506784.21,207061.3023149352,44.0,5,0.13741934707089556,12.325077518746143
652,2013,1420677.77,196445.00817505727,44.5,5,0.13827555574059364,11.693155248515314
653,2014,1434324.04,198117.81366666176,44.5,5,0.1381262588798705,11.792727003967963
654,2015,1510054.6199999999,207401.12186050476,44.5,5,0.13734676819869257,12.345304872649093
655,2016,1355612.05,188530.11251539917,44.5,5,0.13907379512848028,11.222030506868999
656,2013,1352465.19,188083.28160651427,45.0,5,0.13906700371823563,11.195433428959182
657,2014,1434092.64,198089.44787947176,45.0,5,0.13812876682741485,11.791038564254272
658,2015,1485264.23,204362.23280649827,45.0,5,0.13759318286854472,12.164418619434421
659,2016,1395929.71,193472.38634236017,45.0,5,0.13859751315297972,11.516213472759533
660,2013,1265889.2,177470.50672274778,45.5,5,0.1401943445940986,10.563720638258797
661,2014,1364741.6,189588.16507028777,45.5,5,0.1389187264975932,11.285009825612367
662,2015,1439602.94,198764.91891297678,45.5,5,0.138069264371589,11.831245173391475
663,2016,1252040.9,175834.01398504668,45.5,5,0.14043791539481393,10.466310356252778
664,2013,1232116.72,173330.56298653976,46.0,5,0.1406770642529222,10.317295415865463
665,2014,1382417.98,191754.99494656076,46.0,5,0.1387098531129932,11.41398779443814
666,2015,1430355.38,197631.32202885076,46.0,5,0.1381693841909769,11.763769168383973
667,2016,1239139.52,174252.51960502367,46.0,5,0.14062380933909982,10.372173786013313
668,2013,1156471.5,164057.71850745278,46.5,5,0.1418605806606153,9.76534038734838
669,2014,1334786.71,185916.19430520627,46.5,5,0.1392853202031104,11.06644013721466
670,2015,1382003.54,191704.19150298677,46.5,5,0.13871468918450583,11.410963779939689
671,2016,1234795.74,173720.04450096068,46.5,5,0.14068727229408864,10.340478839342897
672,2013,1152670.53,163591.78287160327,47.0,5,0.1419241479797382,9.737606123309718
673,2014,1314455.7,183423.95099052278,47.0,5,0.1395436536891451,10.918092320864451
674,2015,1364023.78,189500.17228999076,47.0,5,0.1389273230192444,11.279772160118497
675,2016,1227864.82,172870.42910877868,47.0,5,0.14078946337820694,10.28990649457016
676,2013,1107873.69,158100.43615498926,47.5,5,0.1427061925759689,9.41074024732079
677,2014,1251102.92,175657.95498630978,47.5,5,0.14040248182484444,10.455830653947011
678,2015,1306436.94,182440.98452687677,47.5,5,0.1396477540866816,10.859582412314094
679,2016,1207369.33,170358.0232846872,47.5,5,0.1410985181184677,10.140358528850427
680,2013,1054825.78,151597.64563669078,48.0,5,0.14371818409357684,9.023669383136356
681,2014,1205758.4,170099.47182056776,48.0,5,0.14107259946981732,10.124968560748082
682,2015,1236328.31,173846.83379756627,48.0,5,0.14061542746486672,10.348025821283708
683,2016,1110007.3699999999,158423.0680653212,48.0,5,0.1427225371173177,9.429944527697689
684,2013,1060193.74,152255.66815615678,48.5,5,0.14361117445963864,9.062837390247427
685,2014,1190730.43,168257.29291426827,48.5,5,0.14130594858003948,10.01531505442073
686,2015,1221263.03,172000.08130647827,48.5,5,0.14083786791325228,10.238100077766564
687,2016,1094543.7,156527.4795934267,48.5,5,0.14300706275448544,9.317111880561113
688,2013,1052370.32,151296.64712409978,49.0,5,0.14376749728565108,9.005752805005939
689,2014,1167886.85,165457.05035187528,49.0,5,0.14167215801074845,9.848633949516385
690,2015,1195376.79,168826.85928837428,49.0,5,0.14123317492919893,10.049217814784184
691,2016,1104271.54,157719.9508088907,49.0,5,0.1428271444982551,9.388092310053016
692,2013,1033143.16,148939.71744031378,49.5,5,0.14416174176704977,8.86545937144725
693,2014,1152637.9,163587.78297689278,49.5,5,0.14192469549794676,9.737368034338855
694,2015,1179517.21,166882.73884238128,49.5,5,0.14148393718001054,9.933496359665552
695,2016,1068111.8699999999,153287.3773253962,49.5,5,0.14351247433042405,9.124248650321203
696,2013,982384.01,142717.49079016128,50.0,5,0.1452766833920284,8.4950887375096
697,2014,1072099.02,153715.05726124477,50.0,5,0.14337766791470882,9.149705789359809
698,2015,1114442.06,158905.60895362878,50.0,5,0.14258759127740456,9.458667199620761
699,2016,1017235.79,147050.81700412818,50.0,5,0.14455922456692974,8.753024821674297
700,2013,997179.28,144531.14455091578,50.5,5,0.14493997965031502,8.60304431850689
701,2014,1100777.15,157230.51850838028,50.5,5,0.14283592142912876,9.358959435022635
702,2015,1138180.68,161815.56851760577,50.5,5,0.1421703701011739,9.631879078428915
703,2016,1063353.47,152704.07671275618,50.5,5,0.14360613006017292,9.089528375759297
704,2013,1034415.78,149095.71946319076,51.0,5,0.14413519432504285,8.874745206142308
705,2014,1121272.92,159742.95865580978,51.0,5,0.14246572427327486,9.508509443798202
706,2015,1152645.6,163588.72686868778,51.0,5,0.1419245662922652,9.737424218374272
707,2016,1071308.51,153679.2321653402,51.0,5,0.14345002464821285,9.147573343175011
708,2013,988648.55,143485.41908957026,51.5,5,0.14513288780888847,8.540798755331563
709,2014,1069049.71,153341.26262625627,51.5,5,0.14343698070528102,9.127456108705731
710,2015,1109291.56,158274.24340945377,51.5,5,0.14268047203879725,9.42108591722939
711,2016,1076773.48,154349.1464955897,51.5,5,0.1433441195966209,9.187449196166053
712,2013,992084.5599999999,143906.65411724348,52.0,5,0.14505482689625115,8.56587226888354
713,2014,1080619.51,154759.56488032598,52.0,5,0.14321374308735735,9.211878861924166
714,2015,1107587.39,158065.37795312397,52.0,5,0.1427114279019771,9.408653449590712
715,2016,1052689.18,151396.84983292094,52.0,5,0.14381913741425645,9.01171725195958
716,2013,987295.47,143319.59142159196,52.5,5,0.1451638296502991,8.530928060809046
717,2014,1054635.57,151574.36646892698,52.5,5,0.14372203136380748,9.022283718388511
718,2015,1071479.79,153639.18738466396,52.5,5,0.14338972029016428,9.145189725277618
719,2016,1058593.88,152120.66773966592,52.5,5,0.14370068693356317,9.05480165117059
720,2013,1562542.74,213835.29144530676,43.5,6,0.13685084316177282,12.728291157458736
721,2014,1575616.94,215437.97067987677,43.5,6,0.13673245394269293,12.823688730945046
722,2015,1643867.11,223804.30515654627,43.5,6,0.13614501062470083,13.321684830746802
723,2016,1532787.92,210248.92419916368,43.5,6,0.13716765473932213,12.514816916616885
724,2013,1571585.66,214943.80287268877,44.0,6,0.13676874785984544,12.794273980517188
725,2014,1585968.45,216706.89345323527,44.0,6,0.136640103687583,12.899219848406862
726,2015,1652645.41,224880.37857785125,44.0,6,0.1360729756166214,13.385736820110195
727,2016,1496294.04,205775.38213426567,44.0,6,0.1375233588006978,12.248534650849146
728,2013,1507154.03,207045.55782132826,44.5,6,0.13737518110297475,12.324140346507635
729,2014,1517182.78,208274.91559264075,44.5,6,0.13727740542417755,12.397316404323854
730,2015,1609187.99,219553.22245189428,44.5,6,0.13643727384013987,13.068644193565136
731,2016,1401128.45,194109.6653073392,44.5,6,0.13853809428203331,11.554146744484475
732,2013,1092219.3,156181.46858658278,45.0,6,0.1429946061075672,9.296515987296594
733,2014,1195846.91,168884.48817287627,45.0,6,0.141225843174923,10.05264810552835
734,2015,1291884.3699999999,180657.08174516726,45.0,6,0.13983997789613886,10.753397722926623
735,2016,1273499.46,178464.4761560227,45.0,6,0.14013706464863573,10.622885485477541
736,2013,1264605.83,177313.18692885828,45.5,6,0.14021221689991598,10.554356364812993
737,2014,1350656.39,187861.55284303427,45.5,6,0.13908907863904177,11.18223528827585
738,2015,1417748.18,196085.88921873076,45.5,6,0.1383079816182383,11.671779120162546
739,2016,1230402.16,173181.46474606768,45.5,6,0.14075191866216138,10.308420520599267
740,2013,1243637.6199999999,174742.83350355478,46.0,6,0.14050944639609309,10.401359137116357
741,2014,1338866.17,186416.26817819726,46.0,6,0.13923443011350214,11.096206439178408
742,2015,1392828.09,193031.10110422928,46.0,6,0.13858932232206006,11.489946494299362
743,2016,1212111.34,170939.31475622067,46.0,6,0.14102608326081717,10.174959211679802
744,2013,1085680.16,155379.87889926377,46.5,6,0.1431175447649921,9.248802315432368
745,2014,1147791.53,162993.69870695326,46.5,6,0.14200636130060418,9.702005875413885
746,2015,1286495.3699999999,179996.48007201726,46.5,6,0.1399122641786245,10.714076194762933
747,2016,1211044.94,170808.5918717807,46.5,6,0.14104232322855062,10.167178087605993
748,2013,1017568.12,147030.47686072977,47.0,6,0.14449202365020022,8.751814098852963
749,2014,1140465.91,162095.69966652629,47.0,6,0.14213112224154625,9.648553551578946
750,2015,1235386.08,173731.33208769577,47.0,6,0.1406291805454824,10.3411507195057
751,2016,1151878.6199999999,163555.78615900868,47.0,6,0.1419904695852491,9.735463461845756
752,2013,1126764.95,160416.19009151027,47.5,6,0.14236881444662464,9.548582743542278
753,2014,1258247.5,176533.76153705278,47.5,6,0.1403013012440341,10.507961996253142
754,2015,1315094.33,183502.23639533328,47.5,6,0.13953541750524714,10.922752166388886
755,2016,1210005.29,170681.1480919532,47.5,6,0.14105818338360585,10.159592148330548
756,2013,1105577.59,157818.97252505427,48.0,6,0.14274798435906633,9.393986459824658
757,2014,1244574.3,174857.65487583278,48.0,6,0.14049595502320172,10.408193742609095
758,2015,1277719.21,178920.66897908127,48.0,6,0.14003128980042592,10.650039820183409
759,2016,1101033.35,157323.00263075417,48.0,6,0.1428866824340554,9.364464442306796
760,2013,1069719.35,153423.34934075028,48.5,6,0.1434239264165412,9.132342222663707
761,2014,1204246.4,169914.12579536779,48.5,6,0.14109581377645622,10.113936059248083
762,2015,1237255.93,173960.54456469326,48.5,6,0.1406019080989115,10.35479431932698
763,2016,1101463.86,157375.77598876267,48.5,6,0.14287874682403348,9.367605713616825
764,2013,1083441.52,155105.45890861977,49.0,6,0.14315997314614615,9.232467792179747
765,2014,1175430.13,166381.73088426326,49.0,6,0.14154965628136765,9.903674457396622
766,2015,1203923.64,169874.56079332178,49.0,6,0.14110077678458227,10.111580999602488
767,2016,1078883.96,154607.85620409768,49.0,6,0.14330350801034958,9.202848583577243
768,2013,1046047.71,150521.60040955627,49.5,6,0.14389554029954932,8.959619071997396
769,2014,1146856.51,162879.08082303626,49.5,6,0.14202219667658011,9.695183382323586
770,2015,1180188.06,166964.97388272878,49.5,6,0.14147319358808694,9.93839130254338
771,2016,1061582.91,152487.0355365802,49.5,6,0.1436411928829753,9.076609258129773
772,2013,1005608.69,145564.44986723928,50.0,6,0.14475257753315485,8.664550587335672
773,2014,1094152.15,156418.40381463026,50.0,6,0.14295854905977223,9.310619274680374
774,2015,1117974.13,159338.58192666326,50.0,6,0.1425243909057746,9.484439400396623
775,2016,1040578.82,149912.28382067868,50.0,6,0.14406624557347678,8.92335022742135
776,2013,947229.59,138408.1442192543,50.5,6,0.1461188983963796,8.23858001305085
777,2014,1040193.24,149803.93986448177,50.5,6,0.1440154906837135,8.91690118240963
778,2015,1066829.41,153069.09081425128,50.5,6,0.1434803815675191,9.111255405610196
779,2016,1075598.4,154205.10125267168,50.5,6,0.14336680052022363,9.178875074563791
780,2013,1013709.68,146557.49635975578,51.0,6,0.14457541370203328,8.723660497604511
781,2014,1101244.52,157287.81028866977,51.0,6,0.14282732620423824,9.362369660039867
782,2015,1138397.72,161842.1740078898,51.0,6,0.14216663575880123,9.633462738564868
783,2016,1070044.67,153524.30642427618,51.0,6,0.14347467047733267,9.138351572873582
784,2013,1007569.52,145804.81497741977,51.5,6,0.14470943402239853,8.678858034370224
785,2014,1073076.96,153834.93642254377,51.5,6,0.14335871718142543,9.156841453722844
786,2015,1117085.72,159229.67765268977,51.5,6,0.142540249867924,9.477957003136297
787,2016,1072255.02,153795.2585319487,51.5,6,0.1434316050410738,9.154479674520756
788,2013,988337.95,143447.38211229997,52.0,6,0.1451400121914776,8.538534649541665
789,2014,1064557.8,152790.66666179747,52.0,6,0.14352500790637904,9.094682539392707
790,2015,1097235.85,156796.45150226497,52.0,6,0.14290132016946488,9.333122113230058
791,2016,1051138.05,151206.70712123543,52.0,6,0.14385047437036022,9.00039923340687
792,2013,956471.54,139541.09082202648,52.5,6,0.14589152419739168,8.30601731083491
793,2014,1031985.82,148797.8842372645,52.5,6,0.14418597751397833,8.85701691888479
794,2015,1049185.56,150906.28598559348,52.5,6,0.14383183655862883,8.982517022951994
795,2016,1083573.63,155182.76917682844,52.5,6,0.14321386648808393,9.237069593858836
796,2013,1405397.99,194571.96155539426,44.0,7,0.1384461646735344,11.581664378297278
797,2014,1430673.36,197670.30108248375,44.0,7,0.13816592005493394,11.766089350147842
798,2015,1514226.94,207912.57882337677,44.0,7,0.13730608889006873,12.375748739486712
799,2016,1488589.9,204830.98284419667,44.0,7,0.13760068024389838,12.192320407392659
800,2013,1173031.56,166087.70613845377,44.5,7,0.14158843785793263,9.886172984431772
801,2014,1204458.42,169940.11591723477,44.5,7,0.14109255503999446,10.115483090311594
802,2015,1301976.21,181894.17330003128,44.5,7,0.1397062188256353,10.827034125001862
803,2016,1485558.89,204459.4314845132,44.5,7,0.1376313203473968,12.170204255030546
804,2013,1066681.87,153051.00486679227,45.0,7,0.14348327197760682,9.110178861118587
805,2014,1110360.22,158405.24333226477,45.0,7,0.14266112967579545,9.428883531682427
806,2015,1173684.32,166167.72364599977,45.0,7,0.14157786792789373,9.89093593130951
807,2016,1173062.76,166152.60900707767,45.0,7,0.1416399997277875,9.89003625042129
808,2013,958666.13,139810.07360486328,45.5,7,0.1458381278212711,8.322028190765671
809,2014,1083247.77,155081.70838455728,45.5,7,0.14316365348673396,9.231054070509362
810,2015,1162622.25,164811.69804746527,45.5,7,0.14175859617985573,9.810220121872932
811,2016,1118661.63,159483.93624789218,45.5,7,0.14256673507957202,9.493091443326916
812,2013,976639.53,142013.3131877533,46.0,7,0.14541016293673192,8.453173404032933
813,2014,1098961.86,157007.99417895876,46.0,7,0.1428693750836437,9.345713939223735
814,2015,1167847.24,165452.19482538177,46.0,7,0.14167280544789554,9.848344930082249
815,2016,1120034.4,159652.2149932717,46.0,7,0.142542242446546,9.50310803531379
816,2013,1141673.79,162243.76564332427,46.5,7,0.14211044088462804,9.657367002578825
817,2014,1192857.63,168518.05221638829,46.5,7,0.1412725609311719,10.030836441451683
818,2015,1288664.38,180262.36458400078,46.5,7,0.13988309709002805,10.729902653809571
819,2016,1167362.35,165453.83365290417,46.5,7,0.1417330562810289,9.848442479339534
820,2013,1199601.82,169344.77761962477,47.0,7,0.14116748974224194,10.080046286882427
821,2014,1300128.82,181667.71404507477,47.0,7,0.13973054919671327,10.813554407444927
822,2015,1344386.72,187092.99569103977,47.0,7,0.1391660546089296,11.136487838752368
823,2016,1198746.05,169300.95273429918,47.0,7,0.14123170852934128,10.077437662755903
824,2013,1107009.81,157994.53885059129,47.5,7,0.14272189588870154,9.40443683634472
825,2014,1212344.02,170906.75918199477,47.5,7,0.1409721633154876,10.173021379880641
826,2015,1295076.17,181048.34328169728,47.5,7,0.13979744780702535,10.776687100101029
827,2016,1184915.8699999999,167605.6029387962,47.5,7,0.14144936968292626,9.976523984452154
828,2013,972182.09,141466.90526012928,48.0,7,0.14551482352460257,8.420649122626743
829,2014,1056401.36,151790.7855112838,48.0,7,0.14368666234136973,9.035165804243082
830,2015,1137140.84,161688.1014469418,48.0,7,0.14218828113406057,9.624291752794154
831,2016,1057683.61,152009.04627992518,48.0,7,0.14371882559466453,9.048157516662213
832,2013,1005192.0599999999,145513.37796612878,48.5,7,0.14476176619036246,8.661510593221951
833,2014,1122175.52,159853.6023875198,48.5,7,0.1424497322731829,9.51509538020951
834,2015,1169664.77,165674.99374150726,48.5,7,0.1416431425403257,9.861606770327814
835,2016,1089627.32,155924.8132631537,48.5,7,0.1430992142002769,9.281238884711529
836,2013,1062857.88,152582.24736222578,49.0,7,0.1435584665018674,9.082276628703916
837,2014,1208696.97,170459.69157537728,49.0,7,0.14102764862178588,10.146410212820076
838,2015,1209549.5,170564.19755875278,49.0,7,0.14101464847759665,10.152630807068618
839,2016,1085821.0,155458.22180638168,49.0,7,0.14317113208013263,9.253465583713195
840,2013,1042388.65,150073.06057690526,49.5,7,0.14397035172716555,8.932920272434837
841,2014,1148688.24,163103.62042273176,49.5,7,0.14199119895467177,9.708548834686415
842,2015,1150911.39,163376.14159728427,49.5,7,0.14195370991791495,9.724770333171682
843,2016,1046595.46,150649.82370762268,49.5,7,0.1439427452777434,8.967251411168016
844,2013,1006617.85,145688.15608072528,50.0,7,0.1447303523186334,8.671914052424125
845,2014,1114045.99,158857.05736619426,50.0,7,0.14259470326372636,9.45577722417823
846,2015,1128937.9,160682.55758189276,50.0,7,0.14233073190464487,9.564437951303141
847,2016,1037869.95,149580.22146136418,50.0,7,0.1441223165401062,8.903584610795487
848,2013,969411.45,141127.27092728528,50.5,7,0.14558036314434422,8.40043279329079
849,2014,1057060.68,151871.60716560576,50.5,7,0.14367349958150535,9.039976617000343
850,2015,1090243.67,155939.28924282227,50.5,7,0.14303159333438026,9.282100550167993
851,2016,1089740.01,155938.62718086518,50.5,7,0.1430970926550317,9.282061141718165
852,2013,985022.99,143040.98579914428,51.0,7,0.1452158855694772,8.514344392806207
853,2014,1080578.07,154754.44761506226,51.0,7,0.14321449963820038,9.211574262801324
854,2015,1099365.46,157057.46881901877,51.0,7,0.14286192766054226,9.348658858274927
855,2016,1072192.92,153787.64610591368,51.0,7,0.14343281254451268,9.154026553923433
856,2013,964857.23,140568.99938304827,51.5,7,0.14568891128384692,8.367202344229064
857,2014,1044383.09,150317.54571347928,51.5,7,0.14392950934649784,8.947472959135672
858,2015,1084540.65,155240.19394610528,51.5,7,0.1431391197241941,9.24048773488722
859,2016,1075359.26,154175.78667035268,51.5,7,0.14337142237502348,9.177130158949565
860,2013,981457.62,142603.96821179448,52.0,7,0.14529814156600515,8.488331441178243
861,2014,1043113.98,150162.01136940048,52.0,7,0.14395551612624394,8.938214962464315
862,2015,1077694.01,154400.94728990097,52.0,7,0.14326974619623337,9.19053257677982
863,2016,1057967.5,152043.88398089295,52.0,7,0.1437131896593165,9.050231189338866
864,2013,968537.75,141020.20726563,52.5,7,0.14560114695129847,8.3940599562875
865,2014,1035407.37,149217.30929845697,52.5,7,0.14411459066440388,8.881982696336724
866,2015,1056292.58,151777.4883057105,52.5,7,0.14368887103771047,9.034374303911338
867,2016,1059143.0,152187.98070881792,52.5,7,0.14368973850444927,9.058808375524876
868,2013,1482957.52,204079.46856721977,44.0,8,0.13761653035565022,12.147587414715462
869,2014,1497298.05,205837.37877539528,44.0,8,0.1374725484851832,12.252224927106862
870,2015,1587323.58,216873.00982832076,44.0,8,0.13662810315482163,12.909107727876236
871,2016,1452156.74,200364.8840403107,44.0,8,0.13797745003773537,11.926481192875636
872,2013,1363684.28,189458.55524266578,44.5,8,0.13893139198074922,11.277294954920583
873,2014,1382328.41,191744.01515590126,44.5,8,0.13871089805345263,11.413334235470312
874,2015,1471531.88,202678.87534012576,44.5,8,0.1377332547767336,12.064218770245581
875,2016,1441973.51,199116.58959309018,44.5,8,0.13808616331175888,11.852177951969653
876,2013,1396330.1,193460.38922176277,45.0,8,0.13854917918174417,11.51549935843826
877,2014,1412691.14,195465.98031444676,45.0,8,0.13836427141069688,11.63487978062183
878,2015,1508266.47,207181.92444320227,45.0,8,0.13736427121077768,12.332257407333469
879,2016,1480559.94,203846.64344703068,45.0,8,0.13768212818660397,12.133728776608969
880,2013,1386052.52,192200.52903546978,45.5,8,0.1386675658116258,11.440507680682725
881,2014,1396784.17,193516.05064349726,45.5,8,0.1385439889711073,11.518812538303408
882,2015,1488403.18,204747.01581298077,45.5,8,0.137561528061893,12.187322369820285
883,2016,1174925.91,166381.00017563018,45.5,8,0.14160978046320402,9.90363096283513
884,2013,943586.14,137961.51791269679,46.0,8,0.14620977573144173,8.211995113851
885,2014,979793.0599999999,142399.88345947876,46.0,8,0.14533669330080656,8.476183539254688
886,2015,1076463.06,154250.01590397878,46.0,8,0.14329336661490155,9.181548565713022
887,2016,1115137.02,159051.87774664868,46.0,8,0.14262989650065486,9.467373675395756
888,2013,1043696.77,150233.4143087073,46.5,8,0.14394354627418007,8.942465137423053
889,2014,1101488.5,157317.71817440278,46.5,8,0.14282284215804594,9.364149891333499
890,2015,1188554.29,167990.53438299926,46.5,8,0.14134022803703755,9.999436570416623
891,2016,1132399.39,161167.9568901882,46.5,8,0.14232430564112913,9.593330767273107
892,2013,979945.2,142418.53329034778,47.0,8,0.14533316076281386,8.477293648234987
893,2014,1021560.73,147519.90436977328,47.0,8,0.14440639703307045,8.78094668867698
894,2015,1090045.16,155914.95522201378,47.0,8,0.1430353171991643,9.28065209654844
895,2016,1114068.1199999999,158920.8484038337,47.0,8,0.1426491302918117,9.459574309752005
896,2013,1108852.14,158220.37783379678,47.5,8,0.1426884362001563,9.417879632964095
897,2014,1199433.2,169324.10761514778,47.5,8,0.14117010235763675,10.078815929473082
898,2015,1275721.28,178675.75602661577,47.5,8,0.14005861533219527,10.635461668250938
899,2016,1165209.09,165189.8798286832,47.5,8,0.14176844417569998,9.832730942183524
900,2013,981162.77,142567.78709980726,48.0,8,0.14530492947648968,8.486177803559956
901,2014,1076726.5,154282.3092617028,48.0,8,0.14328829954654482,9.183470789387071
902,2015,1148296.53,163055.60329870327,48.0,8,0.1419978194122935,9.705690672541861
903,2016,1130585.82,160945.64340412867,48.0,8,0.1423559720606868,9.580097821674325
904,2013,1055934.36,151733.53908683377,48.5,8,0.14369599554164877,9.0317582789782
905,2014,1186193.9,167701.18986949278,48.5,8,0.1413775520760078,9.982213682707904
906,2015,1226819.28,172681.18504491576,48.5,8,0.14075519341766113,10.278641966959272
907,2016,1077572.03,154447.03542973218,48.5,8,0.14332873453455558,9.19327591843644
908,2013,1092692.42,156239.46522113477,49.0,8,0.1429857683291468,9.299968167924689
909,2014,1229994.04,173070.35776116178,49.0,8,0.14070828974192573,10.301807009592963
910,2015,1237005.29,173929.82027384927,49.0,8,0.1406055589898482,10.352965492491029
911,2016,1083109.92,155125.88853786368,49.0,8,0.1432226643606622,9.233683841539504
912,2013,1027960.38,148304.39490560078,49.5,8,0.14427053589905944,8.82764255390481
913,2014,1133766.26,161274.43412569878,49.5,8,0.14224663390997258,9.599668697958261
914,2015,1152013.63,163511.25786898826,49.5,8,0.14193517646921266,9.732812968392158
915,2016,1091920.07,156205.86623886618,49.5,8,0.14305613618665894,9.297968228503938
916,2013,1078864.47,154544.38878650227,50.0,8,0.14324726884972147,9.199070761101325
917,2014,1171530.05,165903.64601259527,50.0,8,0.1416127960290863,9.875217024559243
918,2015,1182369.7,167232.40662242277,50.0,8,0.14143833914419726,9.954309918001355
919,2016,1085969.48,155476.4229821897,50.0,8,0.1431683172000282,9.2545489870351
920,2013,1045219.87,150420.12100909228,50.5,8,0.1439124200816162,8.953578631493588
921,2014,1130329.07,160853.09186091227,50.5,8,0.14230642750868316,9.574588801244778
922,2015,1159174.73,164389.08949667326,50.5,8,0.1418156255844822,9.785064850992455
923,2016,1030560.04,148684.1482053657,50.5,8,0.1442750955154109,8.850246916986054
924,2013,936911.62,137143.33289145477,51.0,8,0.14637808942048855,8.163293624491356
925,2014,1024781.11,147914.66933844629,51.0,8,0.14433781799358722,8.804444603478945
926,2015,1062487.51,152536.84616688627,51.0,8,0.1435657781679582,9.079574176600373
927,2016,1061048.97,152421.5833826812,51.0,8,0.14365178958958058,9.072713296588166
928,2013,929934.2,136288.01737349777,51.5,8,0.14655662451547408,8.112381986517725
929,2014,1012209.7,146373.62378642277,51.5,8,0.14460800344673913,8.712715701572785
930,2015,1068326.3699999999,153252.59318586727,51.5,8,0.14345110023434812,9.122178165825433
931,2016,1068193.61,153297.39728842519,51.5,8,0.14351087279807373,9.124845076691976
932,2013,973052.41,141573.62941254096,52.0,8,0.14549435154529955,8.427001750746486
933,2014,1066965.11,153085.76278608598,52.0,8,0.14347775888012493,9.11224778488607
934,2015,1086658.03,155499.78689096798,52.0,8,0.14309910072717907,9.255939695890952
935,2016,1036200.8,149375.64897644793,52.0,8,0.14415704849528,8.89140767716952
936,2013,955025.77,139363.86349209698,52.5,8,0.14592680938033428,8.295468065005773
937,2014,1048565.15,150830.23404942,52.5,8,0.1438444087612677,8.977990121989285
938,2015,1053442.88,151428.16253321548,52.5,8,0.14374596421707792,9.013581103167589
939,2016,1031522.67,148802.18812931245,52.5,8,0.14425488887152857,8.857273102935265
940,2013,1488638.26,204775.83270689877,41.0,9,0.13755916276590846,12.189037661124926
941,2014,1583837.42,216445.66465688476,41.0,9,0.13665901684333534,12.88367051529076
942,2015,1612429.74,219950.60702675677,41.0,9,0.13640942086987107,13.09229803730695
943,2016,1667142.9,226718.6077367467,41.0,9,0.1359923062004743,13.495155222425398
944,2013,1632999.11,222472.06930874626,41.5,9,0.13623526672267827,13.242385077901563
945,2014,1666126.89,226532.98355920927,41.5,9,0.13596382419541245,13.484106164238646
946,2015,1713028.29,232282.31429089926,41.5,9,0.1355974770801358,13.826328231601146
947,2016,1673200.4,227461.15637937168,41.5,9,0.13594376165543093,13.539354546391172
948,2013,1397549.59,193609.87839125426,42.0,9,0.13853524753368804,11.524397523288943
949,2014,1472018.48,202738.52439823578,42.0,9,0.137728246725704,12.067769309418797
950,2015,1571959.78,214989.66375559077,42.0,9,0.13676537179315795,12.797003794975641
951,2016,1663877.57,226318.33264649118,42.0,9,0.13601862103741874,13.471329324195903
952,2013,1311952.6199999999,183117.11505880477,42.5,9,0.13957601232489997,10.899828277309808
953,2014,1377433.73,191144.00888432327,42.5,9,0.13876820693531533,11.377619576447813
954,2015,1408205.58,194916.12534302077,42.5,9,0.13841453841066356,11.602150318036951
955,2016,1548253.72,212144.77377359368,42.5,9,0.1370219693537011,12.627665105571053
956,2013,1281877.6,179430.41835588778,44.5,9,0.13997468896865642,10.680382044993321
957,2014,1282125.17,179460.76631584726,44.5,9,0.13997133081464055,10.682188471181384
958,2015,1410582.83,195207.53661180826,44.5,9,0.13838785816768254,11.619496226893348
959,2016,1462585.24,201643.24450578567,44.5,9,0.13786768729170662,12.002574077725336
960,2013,1352387.8699999999,188073.80346189227,45.0,9,0.13906794613729587,11.194869253684063
961,2014,1393827.66,193153.63174338877,45.0,9,0.13857784379410923,11.497239984725523
962,2015,1490015.86,204944.70352985876,45.0,9,0.137545316819553,12.199089495824927
963,2016,1460407.07,201376.23713031618,45.0,9,0.13789048359668388,11.98668078156644
964,2013,1377001.58,191091.03448962077,45.5,9,0.13877328629471924,11.374466338667903
965,2014,1416048.63,195877.55268623828,45.5,9,0.1383268544147656,11.659378136085612
966,2015,1504923.05,206772.07681914527,45.5,9,0.13739710932007138,12.307861715425313
967,2016,1082478.06,155048.4330223327,45.5,9,0.1432347118631972,9.22907339418647
968,2013,1205830.19,170108.27207926428,46.0,9,0.1410714986985558,10.125492385670492
969,2014,1227811.26,172802.78527644876,46.0,9,0.1407405119223689,10.285880075979094
970,2015,1350536.74,187846.88574520676,46.0,9,0.13909054095426293,11.181362246738498
971,2016,1052805.16,151411.02953611768,46.0,9,0.14381676238756058,9.012561281911767
972,2013,1115422.92,159025.84605830978,46.5,9,0.14257000031728753,9.465824170137486
973,2014,1130869.84,160919.38125909178,46.5,9,0.1422969961415646,9.578534598755462
974,2015,1235190.86,173707.40136610877,46.5,9,0.14063203266101626,10.339726271792188
975,2016,1079553.3,154689.90614358668,46.5,9,0.14329066118698044,9.207732508546826
976,2013,969505.73,141138.82808552327,47.0,9,0.14557812678995025,8.401120719376385
977,2014,1018057.5,147090.46670055276,47.0,9,0.14448149215594674,8.75538492265195
978,2015,1105142.25,157765.60708946528,47.0,9,0.14275592765498313,9.390809945801506
979,2016,1157741.52,164274.48008172368,47.0,9,0.14189219030662706,9.778242862007362
980,2013,1076804.58,154291.8805696708,47.5,9,0.1432867982133497,9.184040510099452
981,2014,1185212.31,167580.86327896628,47.5,9,0.1413931173892096,9.975051385652755
982,2015,1249507.7,175462.40757472278,47.5,9,0.14042523113280758,10.444190927066831
983,2016,1196478.52,169022.99131067368,47.5,9,0.1412670503359088,10.060892339921052
984,2013,1094786.97,156496.2221768773,48.0,9,0.14294673435588778,9.31525132005222
985,2014,1182364.38,167231.75447900078,48.0,9,0.14143842398144707,9.954271099940522
986,2015,1258487.42,176563.17173438478,48.0,9,0.14029792346623918,10.50971260323719
987,2016,1161284.58,164708.80024577468,48.0,9,0.1418332793549835,9.804095252724682
988,2013,1065605.63,152919.07576218827,48.5,9,0.1435043804734668,9.102325938225492
989,2014,1169748.8699999999,165685.30300124228,48.5,9,0.14164177222179516,9.862220416740612
990,2015,1218236.69,171629.10241103926,48.5,9,0.14088321573292895,10.2160180006571
991,2016,1147971.85,163076.88120472917,48.5,9,0.1420565157627595,9.706957214567213
992,2013,1056540.82,151807.88098527477,49.0,9,0.14368387677181726,9.036183391980641
993,2014,1198481.75,169207.47568679028,49.0,9,0.14118485799787128,10.071873552785135
994,2015,1204177.52,169905.68225421978,49.0,9,0.1410968727054627,10.113433467513081
995,2016,1135141.42,161504.08411338867,49.0,9,0.14227661969500566,9.61333834008266
996,2013,1029139.0599999999,148448.8814485788,49.5,9,0.14424569741680857,8.836242943367784
997,2014,1153322.09,163671.65327912927,49.5,9,0.1419132215521245,9.742360314233885
998,2015,1167482.61,165407.49725847127,49.5,9,0.1416787674965636,9.84568436062329
999,2016,1122005.45,159893.8329052892,49.5,9,0.14250718025058542,9.517490053886261
1000,2013,1050113.2,151019.96179314778,50.0,9,0.14381303062674367,8.98928344006832
1001,2014,1152429.38,163562.22189675077,50.0,9,0.14192819511140092,9.73584654147326
1002,2015,1179877.34,166926.88478421676,50.0,9,0.14147816821722906,9.936124094298616
1003,2016,1127258.35,160537.75098450418,50.0,9,0.1424143373916939,9.555818510982391
1004,2013,1019738.79,147296.56486107426,50.5,9,0.14444538768705098,8.76765267030204
1005,2014,1111238.99,158512.96590274427,50.5,9,0.1426452521277572,9.435295589449064
1006,2015,1143395.03,162454.76100867827,50.5,9,0.14208104526104007,9.669926250516564
1007,2016,1016058.6,146906.51311034168,50.5,9,0.1445846854800911,8.744435304187006
1008,2013,984379.57,142962.11322008728,51.0,9,0.14523067887327984,8.509649596433766
1009,2014,1071812.75,153679.96532564028,51.0,9,0.14338322186001265,9.147616983669064
1010,2015,1120275.93,159620.74428169327,51.0,9,0.1424834185999991,9.501234778672218
1011,2016,1070933.21,153633.22663408518,51.0,9,0.14345733720787796,9.144834918695546
1012,2013,964570.12,140533.80447742977,51.5,9,0.14569578879079292,8.36510740937082
1013,2014,1043767.89,150242.13243655927,51.5,9,0.14394209083837525,8.942984073604718
1014,2015,1085455.34,155352.31971051678,51.5,9,0.14312179781668102,9.24716188753076
1015,2016,1056307.99,151840.41817199817,51.5,9,0.14374635012653664,9.038120129285605
1016,2013,944136.89,138029.068103949,52.0,9,0.14619603318746394,8.216015958568391
1017,2014,1041688.4,149987.25899730748,52.0,9,0.14398476453928782,8.927813035554017
1018,2015,1065258.97,152876.61842931696,52.0,9,0.14351122378187248,9.099798716030772
1019,2016,1053371.69,151480.51419512942,52.0,9,0.143805378133078,9.016697273519608
1020,2013,970210.2,141225.2217893375,52.5,9,0.14556146883359658,8.40626320174628
1021,2014,1064970.33,152841.23597117298,52.5,9,0.143516895884952,9.097692617331726
1022,2015,1065142.13,152862.29579070298,52.5,9,0.14351351944993762,9.098946178018034
1023,2016,1059528.22,152235.20226690493,52.5,9,0.14368206470886158,9.061619182553866
1024,2013,1156900.81,164110.34476544126,44.5,10,0.1418534271450992,9.768472902704836
1025,2014,1190374.85,168213.70472667526,44.5,10,0.14131154125666823,10.012720519444956
1026,2015,1344613.3,187120.77062648276,44.5,10,0.13916326026708403,11.138141108719212
1027,2016,1442370.73,199165.28215137718,44.5,10,0.13808189393262105,11.855076318534357
1028,2013,1365291.6199999999,189655.58836445477,45.0,10,0.1389121456443531,11.289023116931832
1029,2014,1421842.96,196587.84106864376,45.0,10,0.13826269609172856,11.70165720646689
1030,2015,1494869.27,205539.65078658226,45.0,10,0.13749673962230977,12.234503023010848
1031,2016,1474026.33,203045.7316456372,45.0,10,0.13774905340099128,12.086055455097451
1032,2013,1363776.13,189469.81452336328,45.5,10,0.138930290943986,11.277965150200195
1033,2014,1428971.85,197461.72428662528,45.5,10,0.13818447458333435,11.753674064680077
1034,2015,1508822.95,207250.13962581026,45.5,10,0.13735881975138983,12.336317834869659
1035,2016,1139639.0,162055.4125366817,45.5,10,0.14219890029797302,9.646155508135815
1036,2013,1174143.23,166223.97837114826,46.0,10,0.14157044398335308,9.894284426854062
1037,2014,1202799.3699999999,169736.7440104173,46.0,10,0.14111808523013883,10.103377619667695
1038,2015,1297620.32,181360.21371159976,46.0,10,0.13976369737459085,10.795250816166652
1039,2016,1202133.9,169716.2467365967,46.0,10,0.14117915378361487,10.10215754384504
1040,2013,993003.23,144019.23035214827,46.5,10,0.14503399989156962,8.57257323524692
1041,2014,1022743.78,147664.92660199077,46.5,10,0.14438115341262772,8.789578964404212
1042,2015,1112804.07,158704.81865216227,46.5,10,0.14261703648528376,9.44671539596204
1043,2016,1002060.37,145190.56318287118,46.5,10,0.14489203198692627,8.642295427551856
1044,2013,836925.12,124886.65276667978,47.0,10,0.149220820097597,7.433729331349987
1045,2014,865534.77,128393.71950600727,47.0,10,0.14834033704504704,7.642483303929004
1046,2015,933851.08,136768.16164544577,47.0,10,0.1464560726807167,8.140962002705106
1047,2016,940326.83,137623.05904231218,47.0,10,0.14635662266736787,8.191848752518581
1048,2013,1001956.0599999999,145116.69824552877,47.5,10,0.14483339543405604,8.637898705090999
1049,2014,1034035.51,149049.10469268626,47.5,10,0.1441431200875164,8.8719705174218
1050,2015,1148264.52,163051.67940566977,47.5,10,0.1419983606265826,9.705457107480344
1051,2016,1064050.8,152789.5577602117,47.5,10,0.14359235269614165,9.094616533345935
1052,2013,1079587.18,154632.9809993808,48.0,10,0.14323343576512348,9.204344107106
1053,2014,1173223.5,166111.23478665279,48.0,10,0.1415853286152662,9.887573499205523
1054,2015,1230225.43,173098.72232251827,48.0,10,0.14070488066769868,10.303495376340374
1055,2016,1122574.1199999999,159963.5423789337,48.0,10,0.14249708730051047,9.521639427317481
1056,2013,1061882.59,152462.69304680428,48.5,10,0.1435777311753499,9.075160300405017
1057,2014,1147030.25,162900.37845426527,48.5,10,0.14201925228586193,9.69645109846817
1058,2015,1206967.73,170247.71554322328,48.5,10,0.14105407403329936,10.133792591858528
1059,2016,1141021.25,162224.8533722192,48.5,10,0.14217513773053675,9.656241272155905
1060,2013,1027438.73,148240.44930107327,49.0,10,0.14428154689192343,8.823836267921028
1061,2014,1157014.18,164124.24203983077,49.0,10,0.14185153896716354,9.769300121418498
1062,2015,1186467.64,167734.74583572178,49.0,10,0.14137321590643787,9.984211061650106
1063,2016,1135271.54,161520.03465889068,49.0,10,0.14227436253611245,9.614287777314921
1064,2013,1046932.33,150630.04009263328,49.5,10,0.1438775322686169,8.966073815037696
1065,2014,1176719.77,166539.81927575727,49.5,10,0.14152886993286198,9.913084480699837
1066,2015,1193189.48,168558.73150108577,49.5,10,0.1412673630856063,10.033257827445581
1067,2016,1144754.78,162682.5219869447,49.5,10,0.1421112406160424,9.68348345160385
1068,2013,1053754.71,151466.35028800627,50.0,10,0.1437396662151159,9.015854183809898
1069,2014,1164413.18,165031.23624648078,50.0,10,0.14172910362151758,9.823287871814331
1070,2015,1197397.43,169074.55610871827,50.0,10,0.141201702853762,10.063961673137992
1071,2016,1144691.41,162674.75388005518,50.0,10,0.14211232167808022,9.683021064289
1072,2013,971082.5599999999,141332.12118930378,50.5,10,0.145540788199619,8.412626261268082
1073,2014,1063189.89,152622.94626025928,50.5,10,0.14355191645046522,9.08469918215829
1074,2015,1123488.79,160014.58742357427,50.5,10,0.14242651003538206,9.524677822831801
1075,2016,1070303.09,153555.98441358318,50.5,10,0.14346962635937374,9.14023716747519
1076,2013,974700.83,141775.6608471083,51.0,10,0.14545556593719972,8.439027431375493
1077,2014,1070201.52,153482.45535461977,51.0,10,0.14341453687583977,9.135860437774987
1078,2015,1134986.31,161423.99194186626,51.0,10,0.14222549692415784,9.60857094892061
1079,2016,1065342.45,152947.89254423918,51.0,10,0.1435668808130561,9.104041222871379
1080,2013,966803.78,140807.61400299077,51.5,10,0.14564239085100678,8.381405595416117
1081,2014,1066769.93,153061.79955659327,51.5,10,0.14348154672544366,9.110821402178171
1082,2015,1120952.92,159703.73198380976,51.5,10,0.1424714001225045,9.50617452284582
1083,2016,1072489.77,153824.03497336118,51.5,10,0.1434270417081565,9.156192557938166
1084,2013,947819.0,138480.4334828175,52.0,10,0.1461043020690844,8.242882945405803
1085,2014,1041448.04,149957.79486330147,52.0,10,0.1439897038581987,8.926059218053659
1086,2015,1067071.76,153098.83630036347,52.0,10,0.14347567055880428,9.11302597025973
1087,2016,1088379.54,155771.89372442695,52.0,10,0.14312276921746153,9.27213653121589
1088,2013,982948.5599999999,142786.73263164348,52.5,10,0.145263687686407,8.499210275693065
1089,2014,1050672.25,151088.52942620497,52.5,10,0.14380177017733645,8.993364846797915
1090,2015,1072753.76,153795.35489506347,52.5,10,0.14336501127254353,9.154485410420445
1091,2016,1051860.74,151295.29688244694,52.5,10,0.14383586260900558,9.005672433478985
